date,close,high,low,open,volume,ret_1d,ma_10,ma_20,rsi_14,label_up,ticker
,aapl,aapl,aapl,aapl,aapl,,,,,,
2023-09-21,172.2428741455078,174.5898954535224,172.17356100214752,172.856870429388,63149100,,,,,1,AAPL
2023-09-22,173.09454345703125,175.36233909077248,172.36173107244514,172.97571228348323,56725400,0.004944583720798645,,,99.99999999988259,1,AAPL
2023-09-25,174.37203979492188,175.2534062611611,172.46075278406465,172.51027081019092,46172700,0.007380338584779045,,,99.99999999988663,0,AAPL
2023-09-26,170.2919921875,173.50055447022797,169.99489916963813,173.1242507509963,64588900,-0.02339851969513229,,,73.75695788043495,0,AAPL
2023-09-27,168.77682495117188,171.36150860467507,167.41022120055555,170.94558441007192,66921800,-0.008897466151314037,,,66.75122694403103,1,AAPL
2023-09-28,169.03431701660156,170.36131544966938,165.99408862675534,167.69740591218968,56294400,0.0015256363870108647,,,67.3193328898202,1,AAPL
2023-09-29,169.54928588867188,171.39124466953126,168.68771453081845,170.35142654777866,51861100,0.0030465344621100066,,,68.47931468412516,1,AAPL
2023-10-02,172.06463623046875,172.6093042881744,169.2719827950215,169.55917827580257,52164500,0.014835511271032331,,,73.43854529744247,0,AAPL
2023-10-03,170.7277069091797,171.94578673866616,169.16304627124387,170.58906551933305,49594600,-0.007769925015261969,,,67.37134260465956,1,AAPL
2023-10-04,171.97549438476562,172.52016238398562,169.3115850792172,169.43041623876405,53020300,0.007308640748333373,171.21297149658204,,69.8730497344314,1,AAPL
2023-10-05,173.21339416503906,173.74814957044222,171.00501406167223,172.1042477774046,48527900,0.007198117293989892,171.31002349853514,,72.15406705249323,1,AAPL
2023-10-06,175.7683868408203,176.2635369377298,171.50018031240361,172.11417670790303,57266700,0.01475054910214868,171.57740783691406,,76.16525316050212,1,AAPL
2023-10-09,177.25381469726562,177.3132302836497,174.09475506108697,175.09495269037185,42390800,0.00845105245114719,171.86558532714844,,78.13706758639346,0,AAPL
2023-10-10,176.6596221923828,177.9767230488949,176.22388776036024,176.3724418317021,43698000,-0.0033522127910061705,172.50234832763672,,75.44822838443268,1,AAPL
2023-10-11,178.05593872070312,178.10545674166264,175.8772817954906,176.4714527146694,47551100,0.00790399362905747,173.43025970458984,,77.41506364990977,1,AAPL
2023-10-12,178.95713806152344,180.57131695227565,177.30332359387822,178.3233466007442,56743100,0.005061327059884935,174.42254180908202,,78.6062864506942,0,AAPL
2023-10-13,177.11517333984375,180.1652842541005,176.41205364228972,179.6602366589199,51427100,-0.01029277033390219,175.17913055419922,,70.42964841079487,0,AAPL
2023-10-16,176.9864044189453,177.34291299761338,174.79783492835955,175.03551235106417,52517000,-0.0007270349483348149,175.6713073730469,,69.88238096072243,0,AAPL
2023-10-17,175.431640625,176.6893258679855,173.10444466932296,174.93649062028842,57549400,-0.008784650996497056,176.1417007446289,,63.46957989958711,0,AAPL
2023-10-18,174.13436889648438,175.85749653944856,173.4114540423014,173.87689630601963,54764400,-0.007394742042506786,176.3575881958008,173.7852798461914,58.6346968187151,0,AAPL
2023-10-19,173.758056640625,176.11496052795673,173.4906713911534,174.33241738277906,59302900,-0.002161045279252538,176.41205444335938,173.86103897094728,57.27179908021748,0,AAPL
2023-10-20,171.20306396484375,173.718419244541,170.96538653172513,173.60948564320893,64244000,-0.01470431199092892,175.9555221557617,173.7664649963379,48.95212822668746,1,AAPL
2023-10-23,171.32191467285156,172.32211231863303,168.2816861592976,169.25219112217718,55980100,0.000694209001027124,175.36233215332032,173.61395874023438,49.32092810493796,1,AAPL
2023-10-24,171.75762939453125,171.985394156852,169.7869270122857,171.3714130102576,43816600,0.002543251530381818,174.87213287353515,173.68724060058594,50.726369795507594,0,AAPL
2023-10-25,169.4403533935547,171.38133313025827,168.99470625930118,170.2127862637829,57157000,-0.013491546251221953,174.0105743408203,173.72041702270508,43.773616475302376,0,AAPL
2023-10-26,165.27117919921875,169.71763198356828,164.06301189675906,168.71741923518283,70625300,-0.02460555653264196,172.64197845458983,173.53226013183593,34.5880477959747,1,AAPL
2023-10-27,166.58827209472656,167.32109955610002,165.21175565878588,165.29098147440297,58499100,0.007969283585253395,171.58928833007812,173.38420944213868,38.94671495603221,1,AAPL
2023-10-30,168.63819885253906,169.50966778359705,167.23197451155576,167.3805285943209,51131000,0.012305348582082987,170.7544677734375,173.2128875732422,45.080515736143695,1,AAPL
2023-10-31,169.11355590820312,169.24228464861295,166.27138428536674,167.70733154956028,44846000,0.0028187982254228583,170.1226593017578,173.13218002319337,46.424678013254585,1,AAPL
2023-11-01,172.28250122070312,172.53997379429074,168.46983997695696,169.34130885799144,56934900,0.018738564720501394,169.93747253417968,173.14753036499025,54.43164577435955,1,AAPL
2023-11-02,175.84759521484375,176.05554977286621,173.75806140886317,173.8174769968696,77334800,0.020693302969716942,170.14642639160155,173.27924041748048,61.41770510477748,0,AAPL
2023-11-03,174.93650817871094,175.10487249469713,171.66852990822986,172.5498964006483,79829200,-0.005181117404646218,170.51977081298827,173.237646484375,58.93120867238509,1,AAPL
2023-11-06,177.49148559570312,177.68954259678722,174.50079012453784,174.66913933099835,63841300,0.014605169861868328,171.13672790527343,173.24953002929686,63.405478859768664,1,AAPL
2023-11-07,180.0563507080078,180.67033186387974,177.23398970359145,177.4419442386158,70530000,0.01445063746971531,171.9666000366211,173.41936645507812,67.26143489346359,1,AAPL
2023-11-08,181.115966796875,181.67053238037917,179.8285737718667,180.5812114444328,49340300,0.005884913721180274,173.13416137695313,173.5723678588867,68.72748079987907,0,AAPL
2023-11-09,180.64064025878906,182.3340449245472,180.04645416963677,181.18530832204868,53763500,-0.002624431995104093,174.67110748291014,173.65654296875,67.27218372636108,1,AAPL
2023-11-10,184.83511352539062,185.00369964258533,181.989212824357,182.42552132152326,66133400,0.023219986712804452,176.49579162597655,174.04253997802735,72.75473097763523,0,AAPL
2023-11-13,183.24855041503906,184.4682199516521,182.6635072771428,184.25999143916752,43627500,-0.008583667248558857,177.95682678222656,174.35564727783202,68.10719306270894,1,AAPL
2023-11-14,185.8664093017578,186.53078271340215,184.7359804157126,186.1242211071054,60108400,0.01428583680902018,179.63211212158203,174.87738571166992,71.35831884298568,1,AAPL
2023-11-15,186.43161010742188,187.90910668353808,186.20354524355434,186.2729648412074,53790500,0.0030408980718319434,181.0470230102539,175.49224777221679,72.02146196348114,1,AAPL
2023-11-16,188.11734008789062,189.35684600106327,187.06622636374277,187.9785160308428,54412900,0.009042082399532081,182.27399749755858,176.21021194458007,73.95811201266848,0,AAPL
2023-11-17,188.09750366210938,188.78171334674664,186.98691120628507,188.65279989002153,50922700,-0.00010544708835447114,183.59009704589843,177.05493392944337,73.89329466453908,1,AAPL
2023-11-20,189.84271240234375,190.29885721130628,188.28590092727276,188.29581152699646,46505100,0.009278213193990137,184.8252197265625,177.98097381591796,75.89491945289484,0,AAPL
2023-11-21,189.03952026367188,189.91213724546566,188.14708208188244,189.80306012274144,38134500,-0.004230829450906803,185.7235366821289,178.845068359375,73.11646955523352,1,AAPL
2023-11-22,189.7039031982422,191.31029805901488,189.22793715258507,189.88239992204348,39617700,0.003514518729436311,186.58233032226562,179.85824584960938,73.96549914046395,0,AAPL
2023-11-24,188.37515258789062,189.2973377280717,187.66119596873028,189.26759079649733,24048300,-0.007004339857799358,187.35578155517578,181.01344451904296,69.25469106645922,0,AAPL
2023-11-27,188.19667053222656,189.06928760823715,187.31414285514808,188.3255839995523,40552600,-0.000947481943409656,187.6919372558594,182.09386444091797,68.62247091304168,1,AAPL
2023-11-28,188.80152893066406,189.47582799498892,187.8099242301234,188.1867388581487,38415400,0.0032139697090651786,188.2472351074219,183.1020309448242,69.63416273426532,0,AAPL
2023-11-29,187.7801971435547,190.47736342450784,187.38356127369806,189.2973512852548,43014200,-0.0054095525226622865,188.43861389160156,184.0353630065918,65.77755857611524,1,AAPL
2023-11-30,188.35531616210938,188.7222202024886,186.61009727764167,188.2462390361622,48794400,0.0030627245433927364,188.6309844970703,184.8390037536621,66.88960429432308,1,AAPL
2023-12-01,189.63449096679688,189.95179660734362,187.64135580786584,188.73212704562349,45704800,0.006791285909799161,188.78269958496094,185.52834854125976,69.28061244751656,0,AAPL
2023-12-04,187.8396759033203,188.45448112204545,185.87630278327032,188.38506152852514,43389500,-0.009464602427154523,188.75691680908204,186.17350692749022,62.4646740514508,1,AAPL
2023-12-05,191.7961883544922,192.76795676998717,188.58338352707358,188.61314558971708,66628400,0.02106324146985994,188.95226440429687,186.88874206542968,69.57145114533996,0,AAPL
2023-12-06,190.70542907714844,193.1249319103576,190.4971854261922,192.8175368647406,41089700,-0.0056870748407561456,189.11885528564454,187.42119598388672,65.86879580139107,1,AAPL
2023-12-07,192.63905334472656,193.3629205543118,191.96475426663108,192.0044269286476,47477700,0.01013932470058787,189.41237030029296,187.9973503112793,69.01680690575797,1,AAPL
2023-12-08,194.0669708251953,194.34461894265894,192.04408867717459,192.56963798027982,53406400,0.007412398761706518,189.98155212402344,188.6686668395996,71.13412031194706,0,AAPL
2023-12-11,191.5582275390625,191.8656377681948,189.81300836010843,191.48882306394165,60943700,-0.012927203817658106,190.31770782470704,189.00482254028321,62.98959817634543,1,AAPL
2023-12-12,193.0753631591797,193.08527375940776,190.11045957675134,191.45904261144975,52696900,0.007919971068889753,190.7450912475586,189.49616317749025,65.5578123398229,1,AAPL
2023-12-13,196.29808044433594,196.33773797632358,193.214189106248,193.45216455954898,70404200,0.016691499279995137,191.5968795776367,190.01774673461915,70.27620594661146,1,AAPL
2023-12-14,196.4468231201172,197.9441408874326,194.51319682969313,196.35758232148717,66831600,0.0007577388196795543,192.4060302734375,190.5185073852539,70.47723486429082,0,AAPL
2023-12-15,195.911376953125,196.7343956614167,195.34615492740625,195.87170428604514,128538400,-0.002725654497679475,193.03371887207032,190.90820922851563,68.67659058702208,0,AAPL
2023-12-18,194.24546813964844,194.9792611555933,192.75806090539803,194.44378607807738,55751900,-0.008503379637187503,193.67429809570314,191.2156074523926,63.26112184884848,1,AAPL
2023-12-19,195.28665161132812,195.2965622122741,194.24546354583867,194.51320107826476,40714100,0.0053601429245759835,194.02334442138672,191.4878044128418,65.1127540958941,0,AAPL
2023-12-20,193.19435119628906,196.0204155959587,193.19435119628906,195.24696511767544,52242800,-0.010713996055415453,194.2722366333008,191.69554595947267,58.709261366912735,0,AAPL
2023-12-21,193.0456085205078,195.42546903656068,191.87552215973167,194.45370060278358,46482500,-0.0007699121369760809,194.3128921508789,191.86263122558594,58.27053263642758,0,AAPL
2023-12-22,191.97470092773438,193.76950324713707,191.34998504370557,193.54142324239356,37149600,-0.005547433070251184,194.10366516113282,192.04260864257813,55.079157627778045,0,AAPL
2023-12-26,191.42929077148438,192.262235089905,191.21113652656177,191.98458698376479,28919300,-0.002841052251230325,194.090771484375,192.20423965454103,53.472888175226146,1,AAPL
2023-12-27,191.52845764160156,191.8755253676685,189.48575421105227,190.87400998463178,48087700,0.0005180339420238766,193.9360809326172,192.3405860900879,53.73706357575136,1,AAPL
2023-12-28,191.95484924316406,193.0257841884141,191.5482876644632,192.51014548202977,34049900,0.0022262571672788667,193.5017578125,192.54931869506837,54.92221958458166,0,AAPL
2023-12-29,190.91366577148438,192.76796185552627,190.12037892679615,192.27215946893213,42672100,-0.005424106115499816,192.9484420776367,192.6772361755371,51.45580867949249,0,AAPL
2024-01-02,184.0814971923828,186.85799339797134,182.34618895522584,185.5788148528252,82488700,-0.03578669212333585,191.7654541015625,192.39958648681642,35.58459897862876,0,AAPL
2024-01-03,182.70318603515625,184.3195067154423,181.8900628291485,182.67343910134508,58414500,-0.007487505144452955,190.6112258911133,192.14276199340821,33.34978180487654,0,AAPL
2024-01-04,180.38282775878906,181.552914127362,179.36147605378457,180.62080322049852,71983600,-0.012700152234459083,189.12084350585937,191.57209396362305,29.940721773183384,0,AAPL
2024-01-05,179.65895080566406,181.22568820887324,178.6574354024576,180.46216340525032,62379700,-0.004013003688427497,187.76730346679688,191.01977005004883,28.94661325223248,1,AAPL
2024-01-08,184.0021514892578,184.04182414737613,179.9762391393372,180.56128223575337,59144500,0.024174696913886295,186.8629577636719,190.5879249572754,41.497532740256226,0,AAPL
2024-01-09,183.585693359375,183.59560395931726,181.19592240352762,182.37593441619447,42841800,-0.002263332936664697,186.02405700683593,190.06386108398436,40.75415629147907,1,AAPL
2024-01-10,184.62689208984375,184.83512061558696,182.375945055311,182.80234296869347,46792900,0.005671458986897138,185.34381713867188,189.71729431152343,43.48020773579186,0,AAPL
2024-01-11,184.03192138671875,185.4796709750172,182.07845882443647,184.97394287034564,49128400,-0.0032225571063367875,184.5941635131836,189.2651222229004,42.28294887080858,1,AAPL
2024-01-12,184.359130859375,185.1722539181108,183.63526371659532,184.49795490224625,40477800,0.0017780038929695596,183.8345916748047,188.66817474365234,43.20911744109245,0,AAPL
2024-01-16,182.08837890625,182.71307958868692,179.41103406753936,180.63071876275188,65603000,-0.012317002920007702,182.95206298828126,187.95025253295898,38.582108156563635,0,AAPL
2024-01-17,181.14633178710938,181.39423295178236,178.78632298828933,179.74818071767538,47317400,-0.00517357079457359,182.6585464477539,187.2120002746582,36.82052726330854,1,AAPL
2024-01-18,187.04640197753906,187.55211493445296,184.26990575318283,184.52771753168435,78005800,0.03257074063947196,183.09286804199218,186.85204696655273,51.69595265808342,1,AAPL
2024-01-19,189.95179748535156,190.33852272040096,187.23481023986653,187.74052319933506,68903000,0.015533020026556654,184.04976501464844,186.5853042602539,57.05775618669056,1,AAPL
2024-01-22,192.26223754882812,193.69015075906108,190.64591702187175,190.68558968364889,60133900,0.012163296657694112,185.31009368896486,186.53869857788087,60.785516680581146,1,AAPL
2024-01-23,193.54139709472656,194.10661903356933,192.20273983497614,193.38275184285894,42355600,0.0066532022211256425,186.2640182495117,186.5634880065918,62.715300277796395,0,AAPL
2024-01-24,192.8671417236328,194.73136366797482,192.70848131758476,193.77941636237554,53631300,-0.003483778567350826,187.1921630859375,186.6081100463867,61.010967458306496,0,AAPL
2024-01-25,192.5398712158203,194.62224701298916,191.4887727178786,193.58105911440475,54822100,-0.0016968702127677648,187.98346099853515,186.66363906860352,60.15643195848976,0,AAPL
2024-01-26,190.80458068847656,193.1249321296598,190.3286146537771,192.63905549468925,44594000,-0.009012629521283122,188.66072692871094,186.62744522094727,55.70151878878386,0,AAPL
2024-01-29,190.12037658691406,190.5864320350317,187.98843240307312,190.3980247095346,47145600,-0.0035858892857483227,189.23685150146486,186.53572158813478,54.00336826524693,0,AAPL
2024-01-30,186.4613800048828,190.1898241378468,185.8961730760029,189.3370433128274,55859400,-0.019245683433403715,189.6741516113281,186.3131072998047,45.93771498362753,0,AAPL
2024-01-31,182.85191345214844,185.5292584344751,182.8023453182215,185.46974943852436,55467800,-0.01935771660941188,189.84470977783204,186.25162811279296,39.64706595533147,1,AAPL
2024-02-01,185.29124450683594,185.3804852934909,182.27677304456427,182.44534401847454,64885400,0.013340473220291749,189.66919403076173,186.38103103637695,45.116933865884,0,AAPL
2024-02-02,184.2897491455078,185.75731994134992,177.74515173237538,178.35003123610636,102551700,-0.005404979409543431,189.10298919677734,186.57637710571288,43.37866283657673,1,AAPL
2024-02-05,186.10435485839844,187.66118143341563,184.27980591994816,186.57041025788217,69668800,0.009846482082179753,188.48720092773436,186.8986473083496,47.33775234780678,1,AAPL
2024-02-06,187.71078491210938,187.72069551270494,185.2020260688322,185.291266866256,43490800,0.008631877824316403,187.90413970947264,187.08407897949218,50.62893457316329,1,AAPL
2024-02-07,187.81985473632812,189.4460858813363,187.02656792958788,189.03952431241242,53439000,0.0005810525179457127,187.3994110107422,187.29578704833983,50.85351529501782,0,AAPL
2024-02-08,186.73899841308594,187.94874218828468,185.7771406742971,187.80000754030146,40962000,-0.0057547500755953385,186.81932373046874,187.40139236450196,48.49910713049639,1,AAPL
2024-02-09,187.50352478027344,188.63539609029752,186.65957913376621,187.304938639922,45155200,0.004094090541796103,186.48921813964844,187.5749725341797,50.253521994841265,0,AAPL
2024-02-12,185.81564331054688,187.32481018702742,185.45820944901192,187.07659264846137,41781900,-0.009001865280690136,186.05874481201172,187.64779815673828,46.48826167543302,0,AAPL
2024-02-13,183.7206573486328,184.88232857566155,182.20156746712615,184.44546335353002,56529500,-0.01127454031635422,185.78467254638673,187.72941207885742,42.25628140585582,0,AAPL
2024-02-14,182.83702087402344,184.2071864451767,181.13922150541597,183.9986922104331,54630500,-0.004809674031007627,185.7831832885742,187.81394653320314,40.578358501248964,0,AAPL
2024-02-15,182.549072265625,183.17458519121215,180.05697410890977,182.24128500065143,65434500,-0.001574892256622551,185.50896606445312,187.5890800476074,40.020670728906204,0,AAPL
2024-02-16,181.0101318359375,183.53203018346474,180.37469562592958,182.11221816970058,49752500,-0.008430283488092494,185.1810043334961,187.14199676513672,37.08700943420022,0,AAPL
2024-02-20,180.2655029296875,181.12929511659567,178.71662791178477,180.4938588233536,53665600,-0.004113741582846386,184.597119140625,186.5421600341797,35.722519138811066,1,AAPL
2024-02-21,181.0200653076172,181.5859933284812,179.3718974749363,180.64276986037862,41371400,0.0041858390300222315,183.92804718017578,185.9160934448242,38.2036595004977,1,AAPL
2024-02-22,183.05545043945312,183.64125529629035,181.15908011476066,182.17179668082835,52292200,0.011243975237646087,183.45160675048828,185.42550888061524,44.434335029369734,0,AAPL
2024-02-23,181.21865844726562,183.72068024032762,180.93071762862238,183.69089534874325,45119700,-0.010034074307965102,182.89957275390626,184.8594482421875,40.46889166758705,0,AAPL
2024-02-26,179.86834716796875,181.45693020455124,179.36197373162466,180.94064867140935,40867400,-0.007451281732613668,182.13605499267578,184.3126365661621,37.79832041548612,1,AAPL
2024-02-27,181.32785034179688,182.60864595739088,178.27973221361,179.80876047563007,54318900,0.008114285791847475,181.6872756958008,183.87301025390624,42.23543076866205,0,AAPL
2024-02-28,180.12648010253906,181.814356133641,178.84568442217187,181.20870480571682,48953900,-0.006625403858222967,181.3278579711914,183.55626525878907,39.72353009226278,0,AAPL
2024-02-29,179.46127319335938,181.26830407372196,178.2499704416867,179.97756989489093,136682600,-0.0036929989904926908,180.990283203125,183.3867332458496,38.363016608974796,0,AAPL
2024-03-01,178.37904357910156,179.24283570733874,176.11530099131116,178.26982726346276,73563100,-0.006030435397010536,180.57328033447266,183.0411231994629,36.191284003856474,0,AAPL
2024-03-04,173.85154724121094,175.63870116419773,172.55087478393426,174.8940486462885,81510100,-0.025381324213025747,179.857421875,182.51921310424805,28.836640285307837,0,AAPL
2024-03-05,168.90704345703125,170.8133520831047,168.41060844555398,169.5424796657224,95132400,-0.028440953575865624,178.72157592773436,181.6593475341797,23.27403111429294,0,AAPL
2024-03-06,167.9141845703125,170.01907946057096,167.47731930724007,169.84035496658896,68587700,-0.005878137858539523,177.4109878540039,180.66951751708984,22.342051458186106,0,AAPL
2024-03-07,167.79502868652344,169.51268953107953,167.28867044448495,167.9439531253601,71765100,-0.0007096236931619648,175.88494567871095,179.66827621459962,22.227016815441857,1,AAPL
2024-03-08,169.5126953125,172.4615205019895,167.73546463179477,167.79503440936114,76267000,0.010236695564953324,174.71434936523437,178.8069610595703,27.983358110265712,1,AAPL
2024-03-11,171.51829528808594,173.13667826239134,170.8232893067872,171.7069430151515,60139500,0.011831562066124679,173.87934417724608,178.00769958496093,34.115228200315414,1,AAPL
2024-03-12,171.994873046875,172.7891721100731,169.79070034274764,171.91544162555573,59825400,0.002778582646175476,172.9460464477539,177.31666107177733,35.520169262589334,0,AAPL
2024-03-13,169.90985107421875,171.95516088785197,169.54247886546352,171.53815729817867,52488700,-0.012122582119572844,171.92438354492188,176.62612075805663,32.277283938174136,1,AAPL
2024-03-14,171.76651000976562,173.06716728584055,170.82328653971078,171.67715534575908,72913500,0.010927317773563816,171.1549072265625,176.07259521484374,37.72917724277727,0,AAPL
2024-03-15,171.38922119140625,171.38922119140625,169.0758321837892,169.94956266563446,121752700,-0.0021965214193262472,170.45592498779297,175.5146026611328,37.07599808685829,1,AAPL
2024-03-18,172.4813690185547,176.44292557517804,172.28279805844676,174.3181844870376,75604200,0.006372325047960592,170.31890716552735,175.08816452026366,40.29807210759202,1,AAPL
2024-03-19,174.82455444335938,175.35077434046616,171.79629786095623,173.09695515946524,55215200,0.013585150895646159,170.91065826416016,174.81611709594728,46.61425113624353,1,AAPL
2024-03-20,177.39610290527344,177.39610290527344,173.84162605000233,174.467139074951,53423100,0.014709309399368209,171.85885009765624,174.6349189758301,52.54756494584047,0,AAPL
2024-03-21,170.14813232421875,176.22450721449738,169.6219124199128,175.78764197696165,106181300,-0.040857552462271296,172.0941604614258,173.98955307006835,39.29235911130557,1,AAPL
2024-03-22,171.05166625976562,171.81618050845861,168.8474933401544,170.5353695457136,71160100,0.005310278303996885,172.24805755615233,173.48120346069337,41.28086224774819,0,AAPL
2024-03-25,169.63185119628906,170.7140758962492,168.24182406010684,169.3538487990515,54288300,-0.00830050413727268,172.05941314697264,172.96937866210936,39.11279017056719,0,AAPL
2024-03-26,168.49998474121094,170.19778406175462,168.37090678526505,168.78791039294236,57388400,-0.006672487785141179,171.70992431640624,172.32798538208007,37.42531082818677,1,AAPL
2024-03-27,172.07431030273438,172.36225110852925,168.89712909220745,169.19499314475576,60273300,0.021212616529390438,171.9263702392578,171.92537689208984,45.43181247377748,0,AAPL
2024-03-28,170.25733947753906,171.00199196056712,169.29425438748996,170.52541861342735,65672700,-0.01055922189662517,171.77545318603515,171.46518020629884,42.457817100942584,0,AAPL
2024-04-01,168.81768798828125,170.02899062252595,168.27160644825386,169.969420845431,46240500,-0.008455738200042417,171.51829986572267,170.98711242675782,40.21172760110975,0,AAPL
2024-04-02,167.6361846923828,168.13261974429108,167.0305333230549,167.87447897129715,49329500,-0.006998693738658801,171.03378143310547,170.6763442993164,38.41559178318904,1,AAPL
2024-04-03,168.44039916992188,169.46305411699578,167.37803608655156,167.5865303145986,47691700,0.0047973799869927,170.3953659057617,170.65301208496095,40.36807323371457,0,AAPL
2024-04-04,167.61631774902344,170.69420560535343,167.61631774902344,169.07582268557752,53704400,-0.004892421443783879,169.41738739013672,170.63811874389648,39.003482405683116,1,AAPL
2024-04-05,168.37091064453125,169.17513298848516,167.74539764368038,168.3808338913719,42104800,0.004501905933989692,169.23966522216796,170.6669128417969,40.971168802663286,0,AAPL
2024-04-08,167.24896240234375,167.99361496437555,167.04046816897213,167.82482886831443,37425500,-0.006663551547548385,168.8593948364258,170.55372619628906,38.95882805971704,1,AAPL
2024-04-09,168.46026611328125,168.86734648560252,167.1496854743383,167.49718091534808,42373800,0.0072425185396578495,168.742236328125,170.40082473754882,42.256383140470845,0,AAPL
2024-04-10,166.583740234375,167.88439761067826,165.91851910107465,167.59647195447172,49709300,-0.011139278847181577,168.5506118774414,170.13026809692383,38.762804084504666,1,AAPL
2024-04-11,173.79196166992188,174.20898041040104,166.96102623293754,167.13973556457645,91070300,0.04327085840073752,168.72237701416014,170.324373626709,54.36898474782863,1,AAPL
2024-04-12,175.29122924804688,177.08832180821437,172.96791671667,173.0175481045229,101670900,0.00862679472467498,169.22576599121095,170.50060958862304,56.83313699136743,0,AAPL
2024-04-15,171.45872497558594,175.37063525095596,171.27007724910962,174.10968609239896,73531800,-0.0218636396635552,169.4898696899414,170.50408477783202,49.47774998417201,0,AAPL
2024-04-16,168.17233276367188,172.5210932508517,167.0702464097302,170.52542991803605,73711200,-0.019167249799518893,169.54348449707032,170.28863296508788,44.19566915990575,0,AAPL
2024-04-17,166.80218505859375,169.43328489386477,166.80218505859375,168.40070660473845,50901200,-0.008147283697393704,169.3796630859375,169.88751449584962,42.17416663324733,0,AAPL
2024-04-18,165.84901428222656,167.4376124969012,165.36251763085394,166.83196113193097,43122900,-0.005714378238104945,169.20293273925782,169.31016006469727,40.776845539498964,0,AAPL
2024-04-19,163.82357788085938,165.21359005742565,162.91013914340203,165.02495745131748,68149400,-0.012212532043877511,168.74819946289062,168.9939323425293,37.903046474787374,1,AAPL
2024-04-22,164.65756225585938,166.06743588145892,163.59519920100377,164.33985172403135,48116400,0.005090746922927769,168.4890594482422,168.674227142334,39.78484266506716,1,AAPL
2024-04-23,165.7100067138672,165.85894631264824,163.74412823991455,164.17107024309314,49537800,0.0063917165029592216,168.2140335083008,168.4781349182129,42.16664982510682,1,AAPL
2024-04-24,167.81491088867188,168.09291330855643,165.0249482926904,165.35258209827205,48251800,0.012702335945464327,168.33715057373047,168.44388122558593,46.70699439002918,1,AAPL
2024-04-25,168.6787109375,169.39357866495865,166.95111140447554,168.32127707377066,50558300,0.00514733788704369,167.8258255004883,168.27410125732422,48.49403160527283,0,AAPL
2024-04-26,168.0928955078125,170.1183436596222,167.97374080476908,168.66876193087458,44838400,-0.003472966009946288,167.10599212646486,168.1658790588379,47.33478441611719,1,AAPL
2024-04-29,172.26295471191406,174.7749147415349,171.86581274952138,172.1338767566388,68169400,0.024808063371766664,167.18641510009766,168.33814239501953,55.491206317225256,0,AAPL
2024-04-30,169.1155548095703,173.74233280675443,168.78790588015656,172.09416491333778,65934800,-0.018270903965436736,167.2807373046875,168.4121109008789,49.28679243785327,0,AAPL
2024-05-01,168.0928955078125,171.47858587357683,167.90424778215495,168.37089789825708,50383100,-0.006047103726853242,167.40980834960936,168.39473571777344,47.431110186519064,1,AAPL
2024-05-02,171.79629516601562,172.1835138606425,169.67155396857694,171.27999852318183,94214900,0.022031863077943026,168.0045364379883,168.60373458862304,54.16173689114271,1,AAPL
2024-05-03,182.072509765625,185.66669440285864,181.3576421366733,185.3191838346203,163224100,0.059816275954489795,169.82942962646484,169.28881454467773,66.84630961311824,0,AAPL
2024-05-06,180.41441345214844,182.8866500436298,179.13360267463952,181.04984964293004,78569700,-0.009106791110920387,171.40511474609374,169.94708709716798,63.77947806309633,1,AAPL
2024-05-07,181.09947204589844,183.58164691028847,180.02718583647587,182.14198851894085,77305800,0.0037971389349760187,172.94406127929688,170.57904739379882,64.50407032195076,1,AAPL
2024-05-08,181.43707275390625,181.76472167822584,180.1562619452029,181.5462890620128,45057100,0.0018641727896493432,174.3062774658203,171.32171401977538,64.87696937587205,1,AAPL
2024-05-09,183.25404357910156,183.34339825305352,180.81157644111198,181.25836496086742,48983000,0.010014330575426333,175.76381072998046,171.79481811523436,66.89284562772424,0,AAPL
2024-05-10,181.9913787841797,184.01957427538,181.07670119634082,183.83067066594327,50759500,-0.006890242475751096,177.15365905761718,172.12982559204102,64.1379097816746,1,AAPL
2024-05-13,185.2026824951172,186.01794745703555,183.55227916041125,184.3675441223296,72044800,0.017645361733017673,178.4476318359375,172.81702346801757,67.77310903937754,1,AAPL
2024-05-14,186.3460235595703,187.2110023802185,185.2126171602605,186.42556271379902,52393600,0.0061734584459016695,180.1706787109375,173.7257080078125,68.97878480843875,1,AAPL
2024-05-15,188.62283325195312,189.54744769576897,186.28641744680644,186.82330307335107,70400000,0.012218182330330007,182.22367248535156,174.81674041748047,71.28282205431623,1,AAPL
2024-05-16,188.7421112060547,189.99483406684226,188.56315946625315,189.36847263644847,52845200,0.0006323622227761838,183.91825408935546,175.96139526367188,71.4026545333846,1,AAPL
2024-05-17,188.7719268798828,189.70649303935699,188.08591490450098,188.4140082479681,41282900,0.00015797043721521575,184.58819580078125,177.20881271362305,71.43474234218812,1,AAPL
2024-05-20,189.93516540527344,190.81008101901142,187.91690657220929,188.2350632210391,44361300,0.0061621372659441676,185.54027099609374,178.47269287109376,72.72078405436065,1,AAPL
2024-05-21,191.2375946044922,191.6153866469515,189.815856788038,189.98487181213304,42309400,0.006857230447240736,186.55408325195313,179.749072265625,74.12540917204794,0,AAPL
2024-05-22,189.7959747314453,191.7048842739564,189.1696284842733,191.15806201805708,34648500,-0.007538370664138316,187.38997344970704,180.84812545776367,69.83886745870507,0,AAPL
2024-05-23,185.7992401123047,189.89540846653745,185.55068591274116,189.87551988281993,51005900,-0.02105805786869752,187.64449310302734,181.70415191650392,59.5561924382712,1,AAPL
2024-05-24,188.88128662109375,189.47782271626807,186.9525037733123,187.72800676525614,36327000,0.01658804689904092,188.33348388671874,182.74357147216796,63.96256625856043,1,AAPL
2024-05-28,188.8912353515625,191.88382214222983,188.00638309980087,190.40243380522858,52280100,5.267186944091229e-05,188.70233917236328,183.5749855041504,63.976209949284964,1,AAPL
2024-05-29,189.18951416015625,191.13818582461732,188.41402624535667,188.51345399670836,53068000,0.0015791034879866217,188.98668823242187,184.57868347167968,64.41125091133708,1,AAPL
2024-05-30,190.1837158203125,191.06856812279528,189.52754429358754,189.6567821553814,49889100,0.005255056891338095,189.1427764892578,185.6832244873047,65.88988495028266,1,AAPL
2024-05-31,191.13818359375,191.45634025792617,188.81171987650453,190.33287039705309,75158300,0.005018661925499934,189.38238372802735,186.65031890869142,67.29475716563925,1,AAPL
2024-06-03,192.90786743164062,193.86232215027837,191.40660565779223,191.7843976924141,50080500,0.009258662003673424,189.7959777832031,187.19208679199218,69.77999136714963,1,AAPL
2024-06-04,193.2260284423828,194.19041988861153,191.91365507081835,193.51434462038463,47471400,0.00164928996923841,190.12506408691405,187.8326675415039,70.21815616364309,1,AAPL
2024-06-05,194.7372283935547,195.76127042413225,193.74301165159252,194.269945311189,54156800,0.007820892264638557,190.47502746582032,188.51455535888672,72.27443920511965,0,AAPL
2024-06-06,193.3552703857422,195.3635924798522,193.04706561878618,194.55827933508485,41181800,-0.007096527044226142,190.83095703125,189.1104652404785,67.672894322623,1,AAPL
2024-06-07,195.7513427734375,195.80105664694403,193.01724660656404,193.52429170702464,53103900,0.012392071769831592,191.82616729736327,189.7353302001953,71.10761974692002,0,AAPL
2024-06-10,192.0031280517578,196.15896182874013,191.03873662001607,195.76126603853862,97010200,-0.019147836579684996,192.1383514404297,190.2359176635742,60.312198941473426,1,AAPL
2024-06-11,205.9519805908203,205.9619324668351,192.51018190883102,192.53005531977516,172373300,0.07264909004660769,193.84442596435548,191.27338256835938,75.32537763021324,1,AAPL
2024-06-12,211.83778381347656,218.9265393804105,205.7034527218097,206.1707358379729,198134300,0.028578522069909074,196.1092529296875,192.5479705810547,78.94471224534968,1,AAPL
2024-06-13,213.00099182128906,215.49647028335949,210.37626033331,213.49810017257707,97862700,0.005491031802129731,198.39098052978517,193.7668785095215,79.58213117857156,0,AAPL
2024-06-14,211.26112365722656,213.92561727783075,210.07800329190465,212.61325905037393,70122700,-0.008168357100995394,200.4032745361328,194.89282913208007,75.88176385683087,1,AAPL
2024-06-17,215.41693115234375,217.68374402084368,211.48977821080922,212.13601299934342,93728300,0.019671425689565147,202.65418090820313,196.22507934570314,78.45828288478427,0,AAPL
2024-06-18,213.0507049560547,217.3656172672209,211.7681719978675,216.3316233309755,79943300,-0.01098440212489915,204.63664855957032,197.3808563232422,73.63484481895932,0,AAPL
2024-06-20,208.46734619140625,213.00098699569836,207.64215969704074,212.6927670816265,86172500,-0.021512995066568008,206.00966033935546,198.2423439025879,65.26511748393824,0,AAPL
2024-06-21,206.2900390625,210.66458669732776,205.91223184266303,209.17326157128963,241805100,-0.010444355764509639,207.30313720703126,199.06704711914062,61.67852184642542,1,AAPL
2024-06-24,206.93626403808594,211.46988977828624,205.39522511371305,206.51869484312465,80727000,0.0031326038742478524,208.4216293334961,200.1238983154297,62.340022197660325,1,AAPL
2024-06-25,207.86090087890625,210.15753911842552,207.40355450398363,207.94042486793816,55549700,0.004468220420999369,210.00740661621094,201.0728790283203,63.31577391817597,1,AAPL
2024-06-26,212.0167236328125,213.61741321993355,209.42181728774156,210.2768443064002,66213200,0.019993287512629854,210.61388092041017,202.22915344238282,67.4036585541912,1,AAPL
2024-06-27,212.86181640625,214.49233130131694,211.1219370597224,213.4484006592916,49772700,0.003985972233497392,210.7162841796875,203.4127685546875,68.18017230040141,0,AAPL
2024-06-28,209.40191650390625,214.8204096554565,209.08377504858177,214.52214161134154,82542700,-0.016254206417840922,210.35637664794922,204.3736785888672,61.699693066467894,1,AAPL
2024-07-01,215.4964599609375,216.25205915730615,210.69439169705225,210.86340670792907,60402900,0.029104525683352866,210.7799102783203,205.59159240722656,67.55054106584802,1,AAPL
2024-07-02,218.9961395263672,219.10550398155982,213.85604047340246,214.89995598050683,58046200,0.016240079145912967,211.13783111572266,206.8960060119629,70.35140767826738,1,AAPL
2024-07-03,220.26873779296875,220.26873779296875,217.76330717829083,218.72769869983824,37369800,0.005811053424749302,211.85963439941406,208.24814147949218,71.32080033047988,1,AAPL
2024-07-05,225.031005859375,225.14037030398515,220.36812707547224,220.36812707547224,60412400,0.021620263111882476,213.51600036621093,209.7628303527832,74.65977623319739,1,AAPL
2024-07-08,226.50245666503906,226.53228195249955,221.95887904834774,225.77666754871936,59085900,0.006538880275829939,215.53724212646483,211.42018966674806,75.6048513285696,1,AAPL
2024-07-09,227.35745239257812,228.0732895821074,225.06081439723079,226.61178991769694,48076100,0.0037747746321510345,217.57936096191406,213.00049514770507,76.16119510382875,1,AAPL
2024-07-10,231.6326141357422,231.73204187894612,227.9241899064988,227.97390377810078,62627700,0.018803701828001396,219.95653228759767,214.9819694519043,78.76851021734726,0,AAPL
2024-07-11,226.25390625,231.04602295166967,224.46431311990926,230.0518062316796,64710600,-0.023220857329659728,221.3802505493164,215.99706573486327,68.60232598873107,1,AAPL
2024-07-12,229.20672607421875,231.29458734662404,227.357482286545,227.59609977127653,53046500,0.013050912018093719,223.01474151611328,216.8655128479004,70.8282555497077,1,AAPL
2024-07-15,233.04440307617188,235.8580383346859,231.7419815445035,235.11237576276483,62631300,0.016743300110270143,225.37899017333984,217.86768341064453,73.46158434379713,1,AAPL
2024-07-16,233.46197509765625,234.9035862928846,230.98637002864072,233.64092682357534,43234300,0.001791813130770148,227.17554168701173,218.97772598266602,73.73936092863174,0,AAPL
2024-07-17,227.5563201904297,230.12140106352723,225.3292693500046,228.12301581337556,57345900,-0.025296003363101227,228.03155975341798,219.5846954345703,63.60023092159984,0,AAPL
2024-07-18,222.8834991455078,229.10730558155058,220.9845567217071,228.94822726389444,66034600,-0.020534789106325113,228.29303588867188,220.07633514404296,56.93003569436751,1,AAPL
2024-07-19,223.01275634765625,225.4883615119168,221.9887143107171,223.5198165983548,49151500,0.0005799316802006516,228.0912109375,220.80360565185546,57.06417619971982,0,AAPL
2024-07-22,222.66477966308594,226.46267958300487,221.7998008147913,225.69712847330965,48201800,-0.001560344306169914,227.7074432373047,221.62234268188476,56.55352403540757,1,AAPL
2024-07-23,223.70870971679688,225.6275559695254,221.3921828247117,223.07241159149987,39960300,0.004688348356172378,227.34256896972656,222.46096496582032,57.77432308754334,0,AAPL
2024-07-24,217.276123046875,223.4999296447353,215.8742889513949,222.70455320631825,61777600,-0.028754296951894243,225.90691986083985,222.93172607421874,48.69465716473525,0,AAPL
2024-07-25,216.23220825195312,219.57277716709376,213.3787958392943,217.663867640833,51391200,-0.0048045536724560245,224.90475006103514,223.1425003051758,47.392951340648935,1,AAPL
2024-07-26,216.69949340820312,218.22064384945838,214.76075857434793,217.4352041073067,41601300,0.0021610340107405257,223.6540267944336,223.33438415527343,48.06224441320703,1,AAPL
2024-07-29,216.9778594970703,218.0317267787177,214.50225443638584,215.7052633263403,36311800,0.0012845719410281564,222.04737243652343,223.71318130493165,48.48272341623662,1,AAPL
2024-07-30,217.5346221923828,219.05577256608925,214.87011348402856,217.92236610782675,41643800,0.00256598851423373,220.4546371459961,223.8150894165039,49.36569049621152,1,AAPL
2024-07-31,220.795654296875,222.52559687691686,219.35404306544518,220.1593561933901,50036300,0.01499086477189926,219.77857055664063,223.9050651550293,54.305653694045496,0,AAPL
2024-08-01,217.09716796875,223.1817695634113,215.76492117798517,223.07240511518174,62501000,-0.01675072066025418,219.19993743896484,223.74648666381836,48.523560245254316,1,AAPL
2024-08-02,218.58848571777344,224.29529507499745,216.45092586682142,217.88258518105536,105568600,0.006869356072107369,218.75751037597655,223.4243606567383,50.79839664363993,0,AAPL
2024-08-05,208.05972290039062,212.26525508834706,194.86646368766287,197.93858949976783,119548600,-0.04816705135592936,217.29700469970703,222.50222396850586,38.0228790723183,0,AAPL
2024-08-06,206.03152465820312,208.7755724881847,199.90716125146164,204.11269368890086,69660500,-0.009748154106494211,215.52928619384767,221.4359275817871,36.13747662886426,1,AAPL
2024-08-07,208.60655212402344,212.40445197195865,205.19638100586542,205.703426053809,63516400,0.012498220697498397,214.6623291015625,220.28462448120118,40.19230327518655,1,AAPL
2024-08-08,212.0763702392578,212.96122253044004,207.6222834948103,211.87752992550045,47161100,0.016633313191291688,214.24674530029296,219.57574768066405,45.23793513476466,1,AAPL
2024-08-09,214.9894256591797,215.5262960046125,210.7441160828828,210.8733691090516,42201600,0.013735879280824426,214.07573852539062,218.8648826599121,49.11891647172003,1,AAPL
2024-08-12,216.5222930908203,218.49311650663688,214.60124108809114,215.0690650325273,38028100,0.00712996663412957,214.03018188476562,218.03877716064454,51.08344411378358,1,AAPL
2024-08-13,220.2449951171875,220.8621181746332,217.9954546002453,217.9954546002453,44155300,0.017193158141945775,214.30121917724608,217.3779281616211,55.570031773729006,1,AAPL
2024-08-14,220.69287109375,221.99680001644595,218.6822246024247,219.54820460737923,41960600,0.002033535319720725,214.2909408569336,217.0347557067871,56.091814802043125,1,AAPL
2024-08-15,223.67898559570312,224.30607198028108,221.72805861485108,223.55954635601313,46414000,0.013530634166631694,214.9491226196289,217.07453002929688,59.50636920832451,1,AAPL
2024-08-16,225.00283813476562,225.77922361016536,222.6139468974481,222.88270038911833,44340200,0.005918537834642024,215.59055786132814,217.17403411865234,60.95601058190953,0,AAPL
2024-08-19,224.8435821533203,224.94312498661264,222.0067784736323,224.6743714872065,40687800,-0.0007077954338955417,217.2689437866211,217.28297424316406,60.67461213960985,1,AAPL
2024-08-20,225.460693359375,226.11763957317405,224.4056062095116,224.72413110884563,30299000,0.002744624508045135,219.21186065673828,217.37057342529297,61.41787706182608,0,AAPL
2024-08-21,225.35121154785156,226.92389412945442,224.00747444255492,225.4706659840429,34765500,-0.000485591567612742,220.8863265991211,217.7743278503418,61.19689184950496,0,AAPL
2024-08-22,223.48985290527344,227.28220046938023,222.86276654997636,226.73474533285912,43695300,-0.008259812005416589,222.02767486572264,218.1372100830078,57.4145306497464,1,AAPL
2024-08-23,225.78916931152344,227.16278137803022,223.29080225181497,224.61464290366072,38677300,0.010288236250370453,223.10764923095704,218.59169387817383,60.64996174370385,1,AAPL
2024-08-26,226.12757873535156,226.2271215594374,222.8528263811224,225.70952621277567,30602200,0.0014987850163938887,224.06817779541015,219.0491798400879,61.118177179884526,1,AAPL
2024-08-27,226.97364807128906,227.78985670532606,223.84819475275475,224.95305327681544,35934600,0.003741557490109182,224.7410430908203,219.5211311340332,62.32515754061593,0,AAPL
2024-08-28,225.4407958984375,228.79517959293358,224.63453544627717,226.86416416696267,38052200,-0.006753436735396301,225.21583557128906,219.75338821411134,58.765911076452674,1,AAPL
2024-08-29,228.7255096435547,231.8410150307569,227.8197366882459,229.03408635152135,51906300,0.01457018341346239,225.72048797607422,220.33480529785157,63.56731060946456,0,AAPL
2024-08-30,227.9391632080078,229.33267166766268,226.42620031745173,229.123652992766,52990800,-0.003437948118565015,226.01412048339844,220.80233917236328,61.71462960970792,0,AAPL
2024-09-03,221.738037109375,227.9391727978887,220.1454429272487,227.4912604304481,50190600,-0.027205180590111788,225.7035659790039,221.4862548828125,49.46990075742968,0,AAPL
2024-09-04,219.82693481445312,220.75261936807303,216.47253576183732,220.63318011937469,43840200,-0.008618739120429764,225.14019012451172,222.176025390625,46.413545419720855,1,AAPL
2024-09-05,221.349853515625,224.43548398740054,220.4938367652657,220.60332780966414,36615400,0.006927807561240451,224.74005432128905,222.81319046020508,49.11164920428268,0,AAPL
2024-09-06,219.79705810546875,224.1965806221913,218.75191919539128,222.91254804497814,48423000,-0.00701511830929058,224.3707748413086,223.19922485351563,46.538650232394055,1,AAPL
2024-09-09,219.88665771484375,220.24499065438135,215.70611687897429,219.79707827698536,67180000,0.0004076469910347935,223.78052368164063,223.44408645629883,46.71213445335789,0,AAPL
2024-09-10,219.09034729003906,220.45399594379384,215.72600018375593,217.905857501112,51591000,-0.0036214585872571536,223.07680053710936,223.57248916625977,45.30502649956032,1,AAPL
2024-09-11,221.6285400390625,222.05654079085224,216.88063262193214,220.43410202901993,44587100,0.011585141839513868,222.54228973388672,223.64166641235352,50.43055489816875,1,AAPL
2024-09-12,221.738037109375,222.51442259643306,218.8017058249269,221.46928361366915,37455600,0.0004940567234399396,222.17201385498046,223.69392471313478,50.645427580500936,0,AAPL
2024-09-13,221.46926879882812,223.00212806640087,220.8820056188433,222.54426752163744,36766600,-0.0012120983573706834,221.4463897705078,223.58343887329102,50.07168171194454,0,AAPL
2024-09-16,215.31790161132812,216.213726272445,212.92901053484562,215.53686848493908,59357400,-0.027775263000879846,220.18426361083985,223.09919204711915,39.14213573132247,1,AAPL
2024-09-17,215.7857208251953,215.8952118613641,213.50633585708556,214.75054527350213,45519300,0.0021726907533756723,219.5890319824219,222.64629898071288,40.21099942110181,1,AAPL
2024-09-18,219.6676483154297,221.67829484771394,216.53223168732617,216.54219508236315,59894900,0.01798973294150019,219.57310333251954,222.3566467285156,48.321853579202994,1,AAPL
2024-09-19,227.8097686767578,228.75538000957175,223.58941994126667,223.94775287051627,66781300,0.03706563266720342,220.2190948486328,222.47957458496094,60.442994248332425,0,AAPL
2024-09-20,227.14288330078125,232.0102302576514,226.56556827016195,228.90468820559317,318679900,-0.0029273783115192353,220.95367736816405,222.66222610473633,59.217849080751584,0,AAPL
2024-09-23,225.42088317871094,228.38707413181643,224.7639369712135,226.2868480598011,54146000,-0.007581131739839986,221.5070999145508,222.6438117980957,56.05814114488007,1,AAPL
2024-09-24,226.31671142578125,228.28755007923567,224.6843092769655,227.59078065470555,43556100,0.003974025096690426,222.229736328125,222.65326843261718,57.33357181856598,0,AAPL
2024-09-25,225.3213348388672,226.23707111110926,222.9822303399746,223.88800321688734,42308700,-0.004398157699638028,222.59901580810546,222.5706527709961,55.409120020658484,1,AAPL
2024-09-26,226.46603393554688,227.4414899021518,224.36580775387156,226.24705185494724,36636700,0.005080296091350078,223.07181549072266,222.62191467285157,57.18880837161196,1,AAPL
2024-09-27,226.73475646972656,228.45675318264773,226.24703611440785,227.40166606122023,34026000,0.0011865908962584992,223.5983642578125,222.52237701416016,57.61646238049795,1,AAPL
2024-09-30,231.92062377929688,231.92062377929688,228.58613663255096,228.97432934379907,54541900,0.02287195571739664,225.25863647460938,222.7214500427246,64.9028056692159,0,AAPL
2024-10-01,225.16209411621094,228.5861456381701,222.70353511874544,228.45675818805825,63285000,-0.02914156383745148,226.19627380371094,222.8926528930664,52.28684397566396,1,AAPL
2024-10-02,225.7294464111328,226.31670960653594,221.98686997976517,224.84356992020335,32880600,0.0025197504808649462,226.80245361328124,223.1877784729004,53.11082042570361,0,AAPL
2024-10-03,224.6245880126953,225.75930638603796,222.28548343692833,224.09704443839323,34044200,-0.004894613511899348,226.483935546875,223.3515151977539,51.25452391760177,1,AAPL
2024-10-04,225.74935913085938,226.9437971307691,223.09172964492672,226.8442543024003,37245100,0.005007337478568852,226.3445831298828,223.64913024902344,53.05343771070763,0,AAPL
2024-10-07,220.66305541992188,224.64452599576788,220.30472246057153,223.4600360693569,39505400,-0.022530755925597723,225.8688003540039,223.68795013427734,44.971173048408154,1,AAPL
2024-10-08,224.72413635253906,224.93315503301397,222.2158058701156,223.26094483680066,31855700,0.01840399121134695,225.70954284667968,223.96963958740236,51.344620906994415,1,AAPL
2024-10-09,228.4766845703125,228.6857184603766,223.78851142625692,224.18665241253458,33591100,0.016698465410438068,226.02507781982422,224.31204681396486,56.37280109154449,0,AAPL
2024-10-10,227.97897338867188,228.43684913724616,226.11764095959848,226.72481576308653,28183500,-0.002178389372975431,226.1763717651367,224.62409362792968,55.55278642788391,0,AAPL
2024-10-11,226.4958953857422,228.34727968813561,226.28686151162026,228.23778864704394,31759200,-0.00650532801725201,226.1524856567383,224.87542495727538,53.07527571159515,1,AAPL
2024-10-14,230.228515625,230.65651637799863,227.54102629778745,227.64055393917852,39882100,0.01647985820184883,225.9832748413086,225.62095565795897,58.1357113650159,1,AAPL
2024-10-15,232.76669311523438,236.38983016358188,231.29353829774286,232.527799450427,64751400,0.011024600855128686,226.74373474121094,226.47000427246093,61.19987639280484,0,AAPL
2024-10-16,230.706298828125,231.04472016362837,228.77528327315235,230.52713995218934,34082200,-0.00885175735211119,227.24141998291014,227.0219367980957,57.519465484154246,1,AAPL
2024-10-17,231.07456970214844,232.76670668063704,229.4521309302649,232.348638945834,32993800,0.0015962757666092564,227.88641815185548,227.18517684936523,58.005580532088736,1,AAPL
2024-10-18,233.911376953125,235.0859033854084,232.92595759952005,235.0859033854084,46431500,0.012276587833240038,228.70261993408204,227.52360153198242,61.6464246648645,1,AAPL
2024-10-21,235.384521484375,235.75281781754072,233.36392650842956,233.36392650842956,36254500,0.006297874649958679,230.17476654052734,228.02178344726562,63.42001861218157,0,AAPL
2024-10-22,234.76739501953125,235.12572795126604,231.52250221800776,232.80651969699693,38846600,-0.0026217801448966682,231.17909240722656,228.44431762695314,62.12397073291811,0,AAPL
2024-10-23,229.69100952148438,234.05072423456664,226.7049068825192,232.99563706556216,52287000,-0.021623043087497518,231.30052490234374,228.66280136108398,52.60134646461557,0,AAPL
2024-10-24,229.50189208984375,229.75073396519565,227.35189464165862,228.91461372105516,31109500,-0.0008233558293579968,231.45281677246095,228.81459426879883,52.279837327565936,1,AAPL
2024-10-25,230.33799743652344,232.1396101862481,228.50652487676712,228.6757355296476,38802300,0.003643130516555182,231.83702697753907,228.99475631713867,53.62927994343073,1,AAPL
2024-10-28,232.31878662109375,233.6426273223557,231.4727332926884,232.23917058038825,36087100,0.008599489474662825,232.04605407714843,229.01466445922853,56.74963639009875,1,AAPL
2024-10-29,232.58753967285156,233.24448591818899,231.24380255804743,232.02018805231754,35417200,0.0011568287509875486,232.02813873291015,229.38593673706055,57.17075133596344,0,AAPL
2024-10-30,229.03407287597656,232.38845656475567,228.48661770128336,231.5324398883544,47070900,-0.015277975775801034,231.8609161376953,229.55116806030273,50.209598323022334,0,AAPL
2024-10-31,224.8634796142578,228.76531846185907,224.32597264925337,228.27758291037028,64370100,-0.018209488262373785,231.23980712890625,229.56311264038087,43.51296905013536,0,AAPL
2024-11-01,221.87738037109375,224.30607958110733,219.2496106921502,219.9463649274566,65276700,-0.013279609691562944,230.03640747070312,229.36951370239257,39.45539047009854,0,AAPL
2024-11-04,220.98153686523438,221.75792231303782,218.69220372782075,219.96627293386246,44944500,-0.004037561216745256,228.59610900878906,229.38543777465821,38.3014690150457,1,AAPL
2024-11-05,222.4148712158203,222.91255498009295,220.11557465497725,220.7725208689619,28111300,0.006486217676457073,227.36085662841796,229.26997451782228,41.26147754847201,0,AAPL
2024-11-06,221.68824768066406,225.02273483375984,220.16533664224426,221.57875664968802,54561100,-0.0032669737018221623,226.56058044433593,228.93055267333983,40.208349876708525,1,AAPL
2024-11-07,226.42620849609375,226.82436463330757,223.52970043689453,223.5894200604507,42137700,0.021372178566067213,226.25301208496094,228.85291442871093,49.29588572060782,0,AAPL
2024-11-08,226.15716552734375,227.8511489598711,225.60910803907555,226.366414165256,38328800,-0.0011882147854568315,225.83492889404297,228.83597793579102,48.8419302211219,0,AAPL
2024-11-11,223.4368133544922,224.90161465065876,220.7164746065314,224.20409384410638,42005600,-0.012028591561573432,224.9467315673828,228.49639282226562,44.39067473878687,0,AAPL
2024-11-12,223.4368133544922,224.79200315214243,222.5698957238352,223.75568869738083,40398300,0.0,224.0316589355469,228.0298988342285,44.39067473878527,1,AAPL
2024-11-13,224.32366943359375,225.8482560889112,221.97201694486657,223.21759527142092,48566200,0.0039691582859022745,223.56061859130858,227.71076736450195,46.24302004108736,1,AAPL
2024-11-14,227.4127197265625,228.06041440281584,224.204108600429,224.2240421118748,44923900,0.013770505362935781,223.81554260253907,227.52767486572264,52.213827716349265,0,AAPL
2024-11-15,224.20408630371094,226.1172926822584,223.47667285882866,225.59912786989784,47923700,-0.014109296202558852,224.04821319580077,227.04231033325195,46.44347057927434,1,AAPL
2024-11-18,227.21340942382812,228.92732633570628,224.3734848929754,224.45320372664565,44633700,0.013422249209323889,224.67140045166016,226.6337547302246,51.821284605531616,1,AAPL
2024-11-19,227.4724884033203,229.34584301691135,225.8582238051146,226.17708394083317,36211800,0.001140245112069671,225.17716217041016,226.26900939941407,52.265682619282416,1,AAPL
2024-11-20,228.18994140625,229.11664435033194,225.0909420304879,227.25326410482543,35169600,0.003154020989376116,225.82733154296875,226.19395599365234,53.5436161284965,0,AAPL
2024-11-21,227.71163940429688,229.34583747298603,224.9115819089953,228.07036655131708,42108300,-0.0020960696120325695,225.95587463378905,226.104443359375,52.53387418732598,1,AAPL
2024-11-22,229.05685424804688,229.9038535446,227.2532593649619,227.2532593649619,38168300,0.005907536598783958,226.24584350585937,226.04038619995117,55.09857638310721,1,AAPL
2024-11-25,232.04624938964844,232.42491005721112,228.92733167542056,230.64124862727573,90152800,0.01305088708833968,227.106787109375,226.0267593383789,60.239921399470596,1,AAPL
2024-11-26,234.22850036621094,234.73670603206307,232.50462429580293,232.50462429580293,45986200,0.009404379438592514,228.1859558105469,226.1088073730469,63.52341979648926,0,AAPL
2024-11-27,234.09896850585938,234.85628986853752,232.9829351774668,233.640604190904,33498400,-0.0005530149411751006,229.16348571777343,226.362052154541,63.18984482847842,1,AAPL
2024-11-29,236.490478515625,236.96877632211965,233.14236346053607,233.97938842310504,28481400,0.010215807549385891,230.07126159667968,226.9434020996094,66.6698300104124,1,AAPL
2024-12-02,238.7424774169922,239.93822952974793,236.32108052902282,236.4306920263062,48137100,0.009522577464861515,231.5251007080078,227.7866569519043,69.58570043194422,1,AAPL
2024-12-03,241.79165649414062,241.90126799408412,238.05492154808562,238.96170621081686,38861000,0.012771833107112718,232.98292541503906,228.8271629333496,73.0265566317094,1,AAPL
2024-12-04,242.150390625,243.2465056559754,240.3966217802532,242.01088645785893,44383900,0.0014836497506194313,234.45071563720703,229.8139389038086,73.40772655301097,1,AAPL
2024-12-05,242.18026733398438,243.6749612569442,241.27349790971317,243.12691898237586,40033900,0.00012338080028384546,235.84974822998046,230.83853988647462,73.44138796644704,0,AAPL
2024-12-06,241.98097229003906,243.7646488451358,241.2236661935451,242.0507319698173,36870600,-0.0008229202409396619,237.27668151855468,231.61627807617188,72.77957568131725,1,AAPL
2024-12-09,245.8771514892578,246.36542364679892,240.89483838917155,240.97455722335047,44649200,0.01610118003224148,238.95871124267578,232.60227737426757,77.12037710368392,1,AAPL
2024-12-10,246.8935546875,247.33200068563022,244.47214254503118,246.0166626912396,36914800,0.004133784664764217,240.44344177246094,233.77511444091797,78.10145192911936,0,AAPL
2024-12-11,245.61807250976562,249.91282389632013,245.38887516358946,247.0828737526952,45205800,-0.005166121810465163,241.5823989868164,234.88417739868163,73.82345292452692,1,AAPL
2024-12-12,247.0828857421875,247.8601253939288,244.81093690846672,246.01666340683192,32777500,0.005963784413150819,242.88079071044922,236.02213821411132,75.48425976825604,1,AAPL
2024-12-13,247.2522735595703,248.40815863747187,245.36895982515324,246.9433725816478,33155300,0.0006855505870995149,243.95697021484375,237.0141159057617,75.6764443000132,1,AAPL
2024-12-16,250.15196228027344,250.49077111704125,246.7739547032778,247.11276354004562,51694800,0.011727652405204347,245.09791870117186,238.31150970458984,78.74780672288679,1,AAPL
2024-12-17,252.58334350585938,252.93211150871377,248.89643481128522,249.1953766416157,51356400,0.009719616841789014,246.17708740234374,239.58000640869142,80.9230116671927,0,AAPL
2024-12-18,247.1725616455078,253.38051965426092,246.86366065893745,251.26802371656945,56774100,-0.021421768297346322,246.67930450439454,240.56501007080078,64.98302367219503,1,AAPL
2024-12-19,248.90640258789062,251.1085917693189,246.21595643132494,246.6245097734382,60882300,0.007014698277349574,247.35191802978517,241.6008331298828,67.21180458338998,1,AAPL
2024-12-20,253.5897979736328,254.09798847685343,244.82092317346877,247.16260139536695,147495300,0.018815889575554134,248.51280059814454,242.8947410583496,72.33415146182946,1,AAPL
2024-12-23,254.36703491210938,254.74568039470608,252.55346551957817,253.8688035675433,40858800,0.0030649377249687415,249.36178894042968,244.16025009155274,73.0856239380538,1,AAPL
2024-12-24,257.28668212890625,257.2966260773909,254.386956808638,254.58626151312842,23234700,0.011478088022709665,250.4011016845703,245.42227172851562,75.75025943843167,1,AAPL
2024-12-26,258.1037292480469,259.1799258751944,256.7186620602343,257.27667867815336,27237100,0.003175629272296643,251.64966735839843,246.61603317260742,76.45283576821333,0,AAPL
2024-12-27,254.68588256835938,257.78489719249416,252.16483330495137,256.917949151404,42355300,-0.013242143728976585,252.40996704101562,247.64537887573243,67.62626555518116,0,AAPL
2024-12-30,251.30787658691406,252.60328106925755,249.86300878941353,251.33776924994547,35557500,-0.013263420600231446,252.81552734375,248.38624877929686,60.22558089105667,0,AAPL
2024-12-31,249.5341796875,252.38406352835983,248.54767617168994,251.5470385357527,39480700,-0.007057864335583752,252.75374908447264,248.92583389282225,56.71592003710929,0,AAPL
2025-01-02,242.9874267578125,248.21885574509324,240.96460876578237,248.0494437119358,55740700,-0.026235896572911255,251.79415740966797,248.98562240600586,46.049068881785495,0,AAPL
2025-01-03,242.49916076660156,243.31625226562878,241.03435939639962,242.49916076660156,40244100,-0.002009429038061228,251.32681732177736,249.00306091308593,45.363807962261426,1,AAPL
2025-01-06,244.1333465576172,246.45510633108967,242.33971076643533,243.4457849039297,45045600,0.006738933800222391,250.84951171875,249.10071487426757,48.14514836897013,0,AAPL
2025-01-07,241.3532257080078,244.681407317594,240.496267218822,242.12049100282684,40856000,-0.011387714496238432,249.6258544921875,249.069327545166,44.03793213184683,1,AAPL
2025-01-08,241.84146118164062,242.84789810210984,239.20084146962273,241.06422159829904,37628900,0.0020229084247811446,248.37329711914063,248.86754302978517,44.926494867589085,0,AAPL
2025-01-10,236.01217651367188,239.31046533751606,232.1757893628752,239.16098682233465,61710900,-0.024103743996115368,246.2458465576172,248.32347412109374,37.30948943990701,0,AAPL
2025-01-13,233.5708465576172,233.8398957390806,228.90740850459227,232.7039288898965,49630700,-0.010344084750700366,243.7925582885742,247.72111282348632,34.659183810462025,0,AAPL
2025-01-14,232.45480346679688,235.28475371553364,231.6476711610837,233.91960476413306,39435300,-0.00477817804434344,241.56945037841797,246.9897087097168,33.488052189311475,1,AAPL
2025-01-15,237.02854919433594,238.11470496290485,233.60071548412043,233.80997931617492,39832000,0.01967584949558754,240.14151763916016,246.47852249145507,42.11970301884773,0,AAPL
2025-01-16,227.4525604248047,237.1680713225123,227.22337827123218,236.51041752509497,71759100,-0.040400149273495556,237.93335571289063,245.34355239868165,32.58498221835431,1,AAPL
2025-01-17,229.16647338867188,231.4682996512766,227.67177943063626,231.2989028272768,68488300,0.007535254651194867,236.55126037597657,244.17270889282227,35.40350439947011,0,AAPL
2025-01-21,221.85243225097656,223.62613445935494,218.6039696546368,223.20762199269615,98070400,-0.03191584279123816,234.48658752441406,242.9067024230957,29.697434857819886,1,AAPL
2025-01-22,223.03822326660156,223.32719072748344,219.0125058897086,219.0125058897086,64126500,0.005344953866827762,232.3770751953125,241.61329345703126,31.621612236184347,0,AAPL
2025-01-23,222.8688507080078,226.2269251350915,221.51366083038826,223.94503224654224,60234800,-0.0007593880372303019,230.5286376953125,240.07724609375,31.48903989427488,0,AAPL
2025-01-24,221.991943359375,224.831867935065,220.6267944226493,223.9848686181573,54697900,-0.0039346339600490055,228.54368591308594,238.45849151611327,30.769775451717607,1,AAPL
2025-01-27,229.04689025878906,231.32878288695173,223.18768539696657,223.22755241503756,94863400,0.031780193427979775,227.84715728759767,237.04650192260743,42.207186569474295,1,AAPL
2025-01-28,237.4171905517578,239.3403714135585,229.99354669273774,230.03341371427896,75707600,0.03654404686966739,228.2317916870117,236.01217498779297,52.2802606482262,1,AAPL
2025-01-29,238.5133056640625,239.01153699982427,233.1822242894862,233.2918357915463,45486100,0.00461683128234025,228.83764190673827,235.20354614257812,53.4250881203083,0,AAPL
2025-01-30,236.74954223632812,239.93821947161274,236.37089679279623,237.825723654139,55658300,-0.0073948219485020505,228.8097412109375,234.47562942504882,51.29269935507929,0,AAPL
2025-01-31,235.16519165039062,246.31561143302469,232.61424963135997,246.31561143302469,100959800,-0.006692095667732989,229.58100433349608,233.75718002319337,49.38583762900468,0,AAPL
2025-02-03,227.2034454345703,231.00994009075862,224.90161912474946,229.1764524471141,73063300,-0.03385597230587034,229.38470153808595,232.96798095703124,41.114109375366155,1,AAPL
2025-02-04,231.97650146484375,232.3053359547129,225.84824721606736,226.44613087124998,45067300,0.021007850568216746,230.39710845947266,232.44184799194335,46.86036912048512,0,AAPL
2025-02-05,231.64767456054688,231.84696405052938,227.46253445166022,227.72160926815613,39620300,-0.0014175009202245237,231.2580535888672,231.81756439208985,46.523545681215374,1,AAPL
2025-02-06,232.39501953125,232.9729696905443,229.61488023403817,230.47183871784506,29925300,0.0032262139998637807,232.2106704711914,231.36965408325196,47.44808127090834,0,AAPL
2025-02-07,226.8247833251953,233.1722451327125,226.4560818290891,231.77720359418535,39707200,-0.02396882780573384,232.69395446777344,230.6188201904297,41.66604879485929,1,AAPL
2025-02-10,227.0941162109375,230.02693972945139,226.64521806905947,229.0094413336025,33115600,0.0011874050171847284,232.4986770629883,230.17291717529298,42.03386989151242,1,AAPL
2025-02-11,232.052001953125,234.6556296697615,227.57297502290857,227.64279618723114,53718400,0.021831854672898388,231.962158203125,230.09697494506835,48.47451200607426,1,AAPL
2025-02-12,236.29161071777344,236.38140252594314,230.11672290007743,230.63545743654387,45243300,0.018270080537830635,231.7399887084961,230.2888153076172,53.257314741223375,1,AAPL
2025-02-13,240.94024658203125,241.74826634141837,234.99480784534867,236.33153226758247,53614100,0.01967330050413918,232.1590591430664,230.48440017700196,57.87462028581016,1,AAPL
2025-02-14,244.00274658203125,244.9504238462646,240.40156080072015,240.66092045804314,40896200,0.01271062034444026,233.04281463623047,231.3119094848633,60.63352521279643,0,AAPL
2025-02-18,243.87306213378906,244.58131995427482,241.2494791133952,243.55383619329416,48822500,-0.0005314876576546501,234.70977630615235,232.04723892211913,60.45297124285382,1,AAPL
2025-02-19,244.27207946777344,245.40929524371262,242.56626341463,244.06260076305156,32204200,0.001636168138018812,235.9393341064453,233.168221282959,60.83936710996854,1,AAPL
2025-02-20,245.229736328125,246.1774135823035,243.69348816231408,244.34191013103748,32316900,0.003920451581851392,237.29754028320312,234.27779693603514,61.80395077325762,0,AAPL
2025-02-21,244.95042419433594,248.08275639920348,244.6212281548445,245.34944139409683,53197400,-0.0011389815035128814,238.5530807495117,235.38187561035156,61.329464194559264,1,AAPL
2025-02-24,246.49664306640625,248.25234005966587,243.82317911276243,244.3319283268952,51326400,0.006312374747486027,240.5202667236328,236.60711059570312,63.021922108364116,0,AAPL
2025-02-25,246.43678283691406,249.38956194785018,244.3119941197594,247.3944454522674,48013300,-0.00024284399473972762,242.45453338623048,237.4766052246094,62.9071359048012,0,AAPL
2025-02-26,239.77308654785156,244.3818005030484,238.5460942392985,243.7333937698084,44433600,-0.027040185366615344,243.2266418457031,237.59440002441406,51.63292239613078,0,AAPL
2025-02-27,236.72056579589844,241.86796980219768,236.48114634623442,238.82541422357912,41153600,-0.012730873159711109,243.26953735351563,237.50476303100587,47.43873744270121,1,AAPL
2025-02-28,241.24948120117188,241.49887076126774,229.63790389196947,236.37142201455794,56833400,0.019131905122169668,243.3004608154297,237.72975997924806,53.47696132304666,0,AAPL
2025-03-03,237.4487762451172,243.43412542285543,235.53346633482454,241.19958958341564,47184000,-0.015754251313333967,242.6450637817383,237.84393920898438,48.44699687131919,0,AAPL
2025-03-04,235.35391235351562,239.4838181516717,234.10696453181083,237.1295800554318,53798100,-0.0088223823459046,241.79314880371095,238.25146255493163,45.885186203979806,0,AAPL
2025-03-05,235.1643829345703,235.97240266650644,228.67026910680244,234.84515699420854,47227600,-0.0008052953828132647,240.88237915039062,238.41085662841797,45.64999212781384,0,AAPL
2025-03-06,234.75538635253906,237.27920752401755,232.59068676229822,233.86756011302523,45170400,-0.0017391944176556873,239.83494415283204,238.56624221801758,45.112614467136105,1,AAPL
2025-03-07,238.4862518310547,240.78062356819368,234.1867631010968,234.53591456798168,46273600,0.01589256603004152,239.18852691650392,238.8708038330078,50.801948104533224,0,AAPL
2025-03-10,226.92454528808594,235.583358769024,223.6725108894593,234.96486230654432,72071200,-0.04847955156408401,237.23131713867187,238.87579193115235,37.744918576396444,0,AAPL
2025-03-11,220.30076599121094,225.2885573705892,216.91904404485373,223.26351528828414,76137400,-0.02918934700724396,234.61771545410156,238.536124420166,32.57876583129378,0,AAPL
2025-03-12,216.45018005371094,221.20853706339403,214.38524243690583,219.60246770742089,62547500,-0.01747876781169988,232.2854248046875,237.75603332519532,30.00751507140572,0,AAPL
2025-03-13,209.1680145263672,216.31053552178076,207.9110965632093,215.4227092543014,61368300,-0.03364361039356367,229.53016967773436,236.399853515625,25.85202060967704,1,AAPL
2025-03-14,212.96871948242188,213.42758776028128,209.06826301296118,210.7341834889886,60107600,0.018170583894774106,226.70209350585938,235.00127716064452,31.206627239081243,1,AAPL
2025-03-17,213.4774627685547,214.69448503570536,209.4573042902151,212.78914514941675,48073400,0.002388816946306438,224.30496215820312,233.4750129699707,31.91538278144877,0,AAPL
2025-03-18,212.170654296875,214.62463892519543,210.97358751075308,213.63706605687162,42432400,-0.006121528964846634,221.98663635253905,231.889892578125,31.030993481475193,1,AAPL
2025-03-19,214.7144317626953,218.22582565599035,213.22806456968678,213.6969181399133,54385400,0.011989299247109786,219.94164123535157,230.4120101928711,34.817397695610026,0,AAPL
2025-03-20,213.5772247314453,216.9589465476154,211.70181037410745,213.46749271646212,48862900,-0.005296369796450651,217.82382507324218,228.82938461303712,33.920826998812345,1,AAPL
2025-03-21,217.73703002929688,218.30563028145062,210.764092813104,211.04340788811464,94127800,0.0194768206351692,215.7489028930664,227.46871490478514,40.00652505605061,1,AAPL
2025-03-24,220.19102478027344,220.93919345594836,218.04628066528426,220.460369765545,44299500,0.011270452024841005,215.07555084228517,226.1534339904785,43.32272041909741,1,AAPL
2025-03-25,223.2036590576172,223.55281053469957,219.54262209652958,220.23093972638688,34493600,0.013681912241200633,215.36584014892577,224.99177780151368,47.182573659285886,0,AAPL
2025-03-26,220.9890594482422,224.47054292972726,219.93165022699972,222.96422035625233,34466100,-0.009921878605060552,215.8197280883789,224.0525764465332,44.76893608311866,1,AAPL
2025-03-27,223.30340576171875,224.4406214835582,220.0214308095873,220.84940592957574,37094800,0.010472673711788838,217.23326721191407,223.38171844482423,47.775579157235434,0,AAPL
2025-03-28,217.36793518066406,223.26350805320467,217.1484711493609,221.12873402087155,39818600,-0.02658029581236332,217.67318878173828,222.18764114379883,41.53126031931344,1,AAPL
2025-03-31,221.58761596679688,225.06908447075043,215.7020132379398,216.48010744476517,65299300,0.019412618437147255,218.4842041015625,221.39458312988282,46.84980817131949,1,AAPL
2025-04-01,222.64501953125,223.13381331282267,218.36548628233527,219.27326790744206,36412700,0.004771943413171442,219.531640625,220.75913848876954,48.12327530834683,1,AAPL
2025-04-02,223.3433074951172,224.6401362151353,220.4803202973195,220.77959080525144,35905900,0.0031363286964034565,220.3945281982422,220.16808471679687,48.99242789615541,0,AAPL
2025-04-03,202.69386291503906,206.9833664271943,200.75859747782033,205.03811566571247,103419000,-0.09245607048480542,219.30619201660156,218.56500854492188,31.946893669438083,0,AAPL
2025-04-04,187.92002868652344,199.39194860307396,186.88255957870848,193.4165691841804,125910900,-0.07288742745362853,216.32449188232422,216.0366973876953,25.193283863758666,0,AAPL
2025-04-07,181.0169219970703,193.6759230716255,174.19361217758157,176.76731422169505,160466300,-0.0367342786061855,212.4070816040039,213.74131622314454,22.770997763757777,0,AAPL
2025-04-08,171.99899291992188,189.87523506652792,168.79683943762106,186.244123618335,120859500,-0.049818154997102404,207.28661499023437,211.32622756958008,20.0578582415247,1,AAPL
2025-04-09,198.3644561767578,200.1201531468693,171.47028013366514,171.53013119082922,184395900,0.15328847459654016,205.02415466308594,210.42194137573242,41.86654360305669,0,AAPL
2025-04-10,189.95504760742188,194.30440235729913,182.55316692796467,188.6083530498886,121880000,-0.042393726837042345,201.68931884765624,209.46129302978517,38.27951481676486,1,AAPL
2025-04-11,197.66615295410156,199.05275825525484,185.60567786476867,185.64558871717136,87435900,0.04059436926686022,199.719140625,208.69616470336913,43.09412087029543,1,AAPL
2025-04-14,202.02549743652344,212.42005238891582,200.66881763194172,210.9237150406947,101352900,0.02205407661995684,197.76292877197267,208.1235664367676,45.67416464918062,0,AAPL
2025-04-15,201.64642333984375,203.01307326666696,199.31214069618733,201.36710824854455,51343900,-0.001876367594633943,195.66306915283204,207.59735488891602,45.48106204143239,0,AAPL
2025-04-16,193.79563903808594,200.2099310657198,191.9002692932641,197.8756484915953,59732400,-0.038933417075920684,192.70830230712892,206.55141525268556,41.5619550986876,1,AAPL
2025-04-17,196.4990234375,198.34451232255947,193.9452767059697,196.71848747425943,52164700,0.013949665806890499,192.088818359375,205.69750518798827,43.37150667110743,0,AAPL
2025-04-21,192.68833923339844,193.32677585155812,189.3465132845993,192.79807124065385,46742500,-0.019392891310289984,192.5656494140625,204.44507064819337,41.42430746532919,1,AAPL
2025-04-22,199.25228881835938,201.097762433896,195.49148998245192,195.64111763020085,52976400,0.034065110587777614,194.3891860961914,203.39813385009765,45.927583931130755,1,AAPL
2025-04-23,204.10043334960938,207.4921254657249,202.30482537338813,205.49700887470834,52929200,0.02433168803229968,197.59933013916014,202.44297256469727,49.04363538027428,1,AAPL
2025-04-24,207.8612060546875,208.32008954356945,202.44447210591895,204.38970763388747,47311000,0.018426088780694405,198.54900512695312,201.78657989501954,51.384055295763595,1,AAPL
2025-04-25,208.76898193359375,209.2378355121778,205.69650080604464,205.86608387594285,38222300,0.004367221263343435,200.4303985595703,201.0598587036133,51.95765090596431,1,AAPL
2025-04-28,209.62689208984375,210.98357193193158,206.95344326011445,209.48723454234343,38743100,0.004109375580146679,201.62647247314453,200.67280654907228,52.52770383554488,1,AAPL
2025-04-29,210.69427490234375,211.72175863443914,207.86119803545407,208.18042396697467,36827600,0.005091821959763321,202.49335021972655,200.1281394958496,53.27062713582523,1,AAPL
2025-04-30,211.9811248779297,213.0584895980106,206.16535854293033,208.78894157113288,52286500,0.006107664653832723,203.52682037353514,199.5949447631836,54.20119968999059,1,AAPL
2025-05-01,212.79913330078125,214.0360957896086,208.3899124386699,208.56948083895412,57365700,0.0038588738658813515,205.4271697998047,199.0677360534668,54.817153876536516,0,AAPL
2025-05-02,204.8485870361328,206.48458191182934,201.66637387157866,205.58677037884885,101010600,-0.037361741757710676,206.26212615966796,199.17547225952148,48.05265574110319,0,AAPL
2025-05-05,198.40435791015625,203.60164304236298,197.72602561272546,202.6040848015313,69018500,-0.03145849927117084,206.83372802734374,199.69968872070314,43.379965535810605,0,AAPL
2025-05-06,198.0252685546875,200.16004244803628,196.53891661034845,197.72601327833053,51216500,-0.0019106906696092496,206.71102600097657,200.55010604858398,43.114366251596444,0,AAPL
2025-05-07,195.7707977294922,198.95301083885846,192.77812311451905,198.6836658614824,68536700,-0.011384763377168206,205.87806243896483,201.7386962890625,41.48753306890203,1,AAPL
2025-05-08,197.00778198242188,199.56152863729463,194.20463054641704,197.2372161152265,50478900,0.006318533035958307,204.79272003173827,201.6708625793457,42.76366928737343,1,AAPL
2025-05-09,198.0452423095703,200.0503289543839,197.05765414160055,198.51409591462888,36453900,0.0052660880535218,203.72034606933593,202.07537231445312,43.86937739976481,1,AAPL
2025-05-12,210.55104064941406,211.03050749278242,206.5156271207593,210.7308445260501,63775800,0.06314616899655467,203.81276092529296,202.71961669921876,55.123513554988065,1,AAPL
2025-05-13,212.68861389160156,213.1580823159532,208.76307628033234,210.19144790738707,51909300,0.010152280585241868,204.01219482421874,203.25277252197264,56.720810606865015,0,AAPL
2025-05-14,212.08929443359375,213.69746987061376,210.34127831689767,212.18917192393894,49325800,-0.0028178257737542234,204.02301177978515,203.77491607666016,56.11771127069578,0,AAPL
2025-05-15,211.21029663085938,212.71859464512332,209.30245815432872,210.71086343228015,45029500,-0.004144470399044975,203.86412811279297,204.64564895629883,55.19082299951719,0,AAPL
2025-05-16,211.0205078125,212.32903558469047,209.53220664773164,212.11926693678467,54737900,-0.0008985774907133148,204.4813201904297,205.37172317504883,54.97967008437169,0,AAPL
2025-05-19,208.54331970214844,209.24252311349682,204.02843943795537,207.67431083672193,46140500,-0.01173908704907789,205.4952163696289,206.16447219848632,52.17387252882399,0,AAPL
2025-05-20,206.62550354003906,208.2336790492342,204.79757620413463,207.4345828831543,42496600,-0.00919624836148425,206.35523986816406,206.53313293457032,50.04453959172807,0,AAPL
2025-05-21,201.86090087890625,206.80528635778637,200.4824756537251,204.93741112479617,59211800,-0.023059121838798324,206.96425018310546,206.42115631103516,45.11797177509199,0,AAPL
2025-05-22,201.13172912597656,202.52015274475195,199.4736073247078,200.48247209416806,46742400,-0.0036122485818445016,207.37664489746095,206.0846824645996,44.39763524914502,0,AAPL
2025-05-23,195.04864501953125,197.4758830409797,193.24069928507132,193.45045269257122,78432900,-0.03024427887573744,207.07698516845704,205.39866561889647,38.828192869384154,1,AAPL
2025-05-27,199.98304748535156,200.51244545494848,197.20618488735448,198.07520901450675,56288500,0.025298317070217013,206.0201858520508,204.91647338867188,44.869604353110894,1,AAPL
2025-05-28,200.1927947998047,202.50017366149785,199.67338002302156,200.36260025266836,45339700,0.0010488254734115632,204.7706039428711,204.39139938354492,45.11772660972751,0,AAPL
2025-05-29,199.72332763671875,203.57895243464628,198.28495762525483,203.3492174371598,51396800,-0.00234507522388816,203.53400726318358,203.77850952148438,44.633521617507405,1,AAPL
2025-05-30,200.622314453125,201.73105672211125,196.55692105301176,199.14398126681596,70819900,0.004501160816033689,202.47520904541017,203.16966857910157,45.83234410730649,1,AAPL
2025-06-02,201.47134399414062,201.9008644592711,199.89313329888972,200.05295557621693,35423300,0.00423197959474253,201.52029266357422,203.00080642700195,46.999534822039074,1,AAPL
2025-06-03,203.03956604003906,203.5389992121068,200.7321872237246,201.1217444882778,46381600,0.007783846649397574,200.96991729736328,203.2325668334961,49.177867002690675,0,AAPL
2025-06-04,202.590087890625,206.00620910456834,201.8709028727957,202.67998220748078,43604000,-0.002213746602105271,200.56637573242188,203.46080780029297,48.5618042490663,0,AAPL
2025-06-05,200.40257263183594,204.5178973620389,199.92310578136215,203.26931435006063,55126100,-0.010797740805414291,200.42054290771483,203.69239654541016,45.5698169929744,1,AAPL
2025-06-06,203.68882751464844,205.4668084267123,201.82095228760733,202.76987228695742,46607700,0.01639826694665114,200.67625274658204,204.02644882202148,50.50353109433683,0,AAPL
2025-06-09,201.2216339111328,205.76647909477697,199.79326227022588,204.15830357568726,72862600,-0.012112562253018933,201.29355163574218,204.1852684020996,47.05505559227021,1,AAPL
2025-06-10,202.44024658203125,204.11835001917973,200.34263633745982,200.3726011094186,54672600,0.00605607184084711,201.53927154541014,203.77972869873048,48.910649446625854,0,AAPL
2025-06-11,198.55465698242188,204.26817387189894,198.18508130061548,203.26930749599725,60989900,-0.019193760456297837,201.37545776367188,203.0730308532715,43.65670685242607,1,AAPL
2025-06-12,198.97418212890625,199.45363372918547,197.13627162659284,198.85432303920933,43904600,0.002112895022762018,201.30054321289063,202.41727523803712,44.35176168465635,0,AAPL
2025-06-13,196.227294921875,200.1428492549886,195.47814514596445,199.50357538920457,51447300,-0.013805244367089187,200.8610412597656,201.6681251525879,40.802551838539394,1,AAPL
2025-06-16,198.195068359375,198.46476655376847,196.33717625414866,197.07634287373045,43020700,0.010028031208825672,200.53341369628907,201.02685317993163,44.24467275439251,0,AAPL
2025-06-17,195.418212890625,198.16509536417735,194.98870767431248,196.97644196425614,38856200,-0.014010719296581597,199.77127838134766,200.37059783935547,40.65237805390673,1,AAPL
2025-06-18,196.35714721679688,197.3460303816964,194.84886452825484,195.71787336797544,45394700,0.004804743182752258,199.14798431396486,199.85718002319337,42.35660392467696,1,AAPL
2025-06-20,200.7721405029297,201.47134391409438,196.6368343380514,198.01527480684123,96813500,0.02248450514132916,199.18494110107423,199.80274200439453,49.67457660619954,1,AAPL
2025-06-23,201.27157592773438,202.07067208145295,198.73446202428119,201.40143343464243,55814300,0.00248757334336136,198.9432159423828,199.80973434448242,50.441050375845364,0,AAPL
2025-06-24,200.07293701171875,203.2093768046809,199.9730442780961,202.36033429336192,54064000,-0.005955331300461331,198.8283462524414,200.0609489440918,48.53066994866313,1,AAPL
2025-06-25,201.33151245117188,203.43912119943792,200.39257558111612,201.2216365357081,39525700,0.0062905831155934955,198.71747283935548,200.1283721923828,50.6443916655183,0,AAPL
2025-06-26,200.7721405029297,202.41028074115465,199.23389299836737,201.20164572639828,50799100,-0.0027783626191049127,198.93922119140626,200.15733947753907,49.66809256271254,1,AAPL
2025-06-27,200.85205078125,202.98962419564972,199.77327327657756,201.66113009938155,73188600,0.00039801477495893245,199.12700805664062,200.21377563476562,49.81692426550466,1,AAPL
2025-06-30,204.93740844726562,207.15489297707504,199.0341046248948,201.78098710410558,91912800,0.020340134193924886,199.99801940917968,200.42953033447264,56.84303626579204,1,AAPL
2025-07-01,207.58441162109375,209.95171998702364,205.90630823197938,206.4357061767528,78788900,0.012916154224275056,200.93695373535155,200.7351837158203,60.68396755842191,1,AAPL
2025-07-02,212.1991729736328,213.09814660534315,207.9040445567577,208.6731759252599,67941800,0.022230770203315764,202.61504974365235,201.1931640625,66.3129301339279,1,AAPL
2025-07-03,213.30792236328125,214.40666625629999,211.56988934364432,211.90950026104147,34955800,0.005225041050401336,204.31012725830078,201.72905578613282,67.51628361000837,0,AAPL
2025-07-07,209.7119903564453,215.9848699115094,208.56330013289198,212.43889126622693,50229000,-0.016857939297312052,205.20411224365233,202.19452667236328,60.027013762494086,1,AAPL
2025-07-08,209.7719268798828,211.1903153368944,208.213697736729,209.86183643928914,42848900,0.0002858039892503772,206.05414733886718,202.498681640625,60.106446299820774,1,AAPL
2025-07-09,210.90065002441406,211.09043707809712,206.98509558510867,209.2924745188519,48749400,0.005380715910463962,207.1369186401367,202.98263244628907,61.651900886799744,1,AAPL
2025-07-10,212.16920471191406,213.23798377907798,209.7918979255535,210.27134950514616,44443600,0.006014939675876629,208.22068786621094,203.4690803527832,63.36942826171254,0,AAPL
2025-07-11,210.92062377929688,211.88952536572023,209.6220944658076,210.33129628612954,39765800,-0.005884835805047839,209.23553619384765,204.08737869262694,60.49739990414258,0,AAPL
2025-07-14,208.3834991455078,210.67091168904602,207.3047216270235,209.69201166358403,38840100,-0.012028812490351148,209.98868103027343,204.55784454345704,55.03872664382786,1,AAPL
2025-07-15,208.87295532226562,211.64980271899068,208.6831682659836,208.9828312368767,42296300,0.0023488240612374867,210.38223571777343,205.19012756347655,55.866058598519245,1,AAPL
2025-07-16,209.92176818847656,212.1592191902425,208.40348697906978,210.06160887608695,47490500,0.0050212956703405975,210.61597137451173,205.77646255493164,57.663779059742474,0,AAPL
2025-07-17,209.78192138671875,211.5599023237274,209.35240091776063,210.33130094399476,48068100,-0.0006661853268702389,210.3742462158203,206.49464797973633,57.328459463436594,1,AAPL
2025-07-18,210.9405975341797,211.54990664350106,209.46227954032304,210.63095139102305,48974600,0.005523241182089356,210.13751373291015,207.22382049560548,59.43330242483806,1,AAPL
2025-07-21,212.23912048339844,215.53538252867688,211.39009321998003,211.8595616297783,51377400,0.0061558702516160135,210.39022674560547,207.79716949462892,61.712641958198475,1,AAPL
2025-07-22,214.15695190429688,214.7063314773177,211.9894136266437,212.89838571641525,46404100,0.009036182474420285,210.82872924804687,208.44143829345703,64.85362366594754,0,AAPL
2025-07-23,213.9072265625,214.90609293027538,212.1692088371252,214.75626907170553,46989300,-0.0011660856188711044,211.12938690185547,209.1331527709961,64.11603617483922,0,AAPL
2025-07-24,213.51766967773438,215.44548969662856,213.28793468034502,213.65751035981805,46022600,-0.0018211487803653226,211.2642333984375,209.74246063232422,62.91399454844543,1,AAPL
2025-07-25,213.63754272460938,214.9960015887686,213.15807589620647,214.45660521718813,40268800,0.0005614197975087887,211.53592529296876,210.3857307434082,63.1429802689266,1,AAPL
2025-07-28,213.80735778808594,214.60645396318566,212.81847455673218,213.78737619229818,37858000,0.0007948746335069146,212.07831115722655,211.03349609375,63.48692299323524,0,AAPL
2025-07-29,211.03050231933594,214.5664825639156,210.58101550100253,213.93719187335407,51411700,-0.012987651582609505,212.2940658569336,211.33815078735353,54.52638004866414,0,AAPL
2025-07-30,208.81301879882812,212.14922883427738,207.48452469073794,211.65977882345743,45512500,-0.010507881543836084,212.18319091796874,211.39958114624022,48.6244197097325,0,AAPL
2025-07-31,207.33470153808594,209.60211724381097,206.92516266487007,208.25365677749065,80698400,-0.007079622090835236,211.93846893310547,211.1563575744629,45.11824353226772,0,AAPL
2025-08-01,202.1505889892578,213.33788973606855,201.27158167093614,210.63095505795985,104434500,-0.0250035932739211,211.0594680786133,210.5984909057617,35.4615495430522,1,AAPL
2025-08-04,203.11949157714844,207.64435521756303,201.4513712516652,204.27816503495924,75109300,0.004792974350137147,210.1475051879883,210.26886596679688,38.12698365483964,0,AAPL
2025-08-05,202.68995666503906,205.1072113881769,201.93082373064988,203.1694082424696,44155100,-0.0021146907604691068,209.0008056640625,209.91476745605468,37.389750229295345,1,AAPL
2025-08-06,213.0082550048828,215.1358452662651,205.35693489516686,205.39689808550258,108483100,0.05090680618623611,208.9109085083008,210.02014770507813,58.26614073682929,1,AAPL
2025-08-07,219.7805633544922,220.59964108330854,216.33447747046458,218.63187314031333,90224800,0.03179364268982976,209.53719787597657,210.40071563720704,66.2260061106756,1,AAPL
2025-08-08,229.0900115966797,230.73813503605493,219.00145500716468,220.57966572513484,113854000,0.04235792328538146,211.0824447631836,211.30918502807617,73.66243857594077,0,AAPL
2025-08-11,227.17999267578125,229.55999755859375,224.75999450683594,227.9199981689453,61806100,-0.008337416841468825,212.41970825195312,212.24900970458984,70.24503505613711,1,AAPL
2025-08-12,229.64999389648438,230.8000030517578,227.07000732421875,228.00999450683594,55626200,0.010872441677679756,214.28165740966796,213.2878616333008,72.05080982679681,1,AAPL
2025-08-13,233.3300018310547,235.0,230.42999267578125,231.07000732421875,69878500,0.01602441991019199,216.7333557128906,214.4582733154297,74.53082993399181,0,AAPL
2025-08-14,232.77999877929688,235.1199951171875,230.85000610351562,234.05999755859375,51916300,-0.0023571895917441354,219.27788543701172,215.6081771850586,73.48137385316515,0,AAPL
2025-08-15,231.58999633789062,234.27999877929688,229.33999633789062,234.0,56038700,-0.005112133549474374,222.221826171875,216.64064712524413,71.14709404246746,0,AAPL
2025-08-18,230.88999938964844,233.1199951171875,230.11000061035156,231.6999969482422,37476200,-0.0030225698834628334,224.998876953125,217.57319107055665,69.74359236127096,0,AAPL
2025-08-19,230.55999755859375,232.8699951171875,229.35000610351562,231.27999877929688,39402600,-0.001429259958971918,227.78588104248047,218.3933433532715,69.05202091987044,0,AAPL
2025-08-20,226.00999450683594,230.47000122070312,225.77000427246094,229.97999572753906,42263900,-0.019734572779050663,229.08605499267577,218.99848175048828,60.18992295654084,0,AAPL
2025-08-21,224.89999389648438,226.52000427246094,223.77999877929688,226.27000427246094,30621200,-0.004911289931109564,229.597998046875,219.56759796142578,58.22666099433948,1,AAPL
2025-08-22,227.75999450683594,229.08999633789062,225.41000366210938,226.1699981689453,42477800,0.012716766064777785,229.46499633789062,220.27372055053712,61.693652668003075,0,AAPL
2025-08-25,227.16000366210938,229.3000030517578,226.22999572753906,226.47999572753906,30983100,-0.0026343118159346535,229.46299743652344,220.94135284423828,60.55814684410957,1,AAPL
2025-08-26,229.30999755859375,229.49000549316406,224.69000244140625,226.8699951171875,54575100,0.009464667467088184,229.4289978027344,221.85532760620117,63.173816429426815,1,AAPL
2025-08-27,230.49000549316406,230.89999389648438,228.25999450683594,228.61000061035156,31259500,0.00514590705653295,229.1449981689453,222.93917694091797,64.56286230922674,1,AAPL
2025-08-28,232.55999755859375,233.41000366210938,229.33999633789062,230.82000732421875,38074700,0.008980832210059075,229.122998046875,224.20044174194337,66.92004489970975,0,AAPL
2025-08-29,232.13999938964844,233.3800048828125,231.3699951171875,232.50999450683594,39418400,-0.00180597769760249,229.1779983520508,225.69991226196288,65.96133453584957,0,AAPL
2025-09-02,229.72000122070312,230.85000610351562,226.97000122070312,229.25,44075600,-0.010424735828844955,229.06099853515624,227.02993774414062,60.57632536542124,1,AAPL
2025-09-03,238.47000122070312,238.85000610351562,234.36000061035156,237.2100067138672,66427800,0.038089848308826335,229.85199890136718,228.81893997192384,70.0857265811055,1,AAPL
2025-09-04,239.77999877929688,239.89999389648438,236.74000549316406,238.4499969482422,47549400,0.005493343195739575,231.22899932861327,230.15752716064452,71.2055560259413,0,AAPL
2025-09-05,239.69000244140625,241.32000732421875,238.49000549316406,240.0,54870400,-0.00037532879451496193,232.70800018310547,231.15299911499022,71.00889187842695,0,AAPL
2025-09-08,237.8800048828125,240.14999389648438,236.33999633789062,239.3000030517578,48999500,-0.007551410322323426,233.72000122070312,231.59249877929688,67.00087430913308,0,AAPL
2025-09-09,234.35000610351562,238.77999877929688,233.36000061035156,237.0,66313900,-0.014839409394815983,234.43900146484376,231.95099945068358,59.89980810233478,0,AAPL
2025-09-10,226.7899932861328,232.4199981689453,225.9499969482422,232.19000244140625,83440800,-0.03225949486019408,234.18700103759767,231.80799942016603,48.13387058351485,1,AAPL
2025-09-11,230.02999877929688,230.4499969482422,226.64999389648438,226.8800048828125,50208600,0.014286368839370622,234.14100036621093,231.64299926757812,52.44512861339166,1,AAPL
2025-09-12,234.07000732421875,234.50999450683594,229.02000427246094,229.22000122070312,55824200,0.017562963814985233,234.29200134277343,231.7074996948242,57.22020275659238,1,AAPL
2025-09-15,236.6999969482422,238.19000244140625,235.02999877929688,237.0,42699500,0.011235910376080627,234.7480010986328,231.9629997253418,60.03363338160664,1,AAPL
2025-09-16,238.14999389648438,241.22000122070312,236.32000732421875,237.17999267578125,63421100,0.0061258849469238985,235.59100036621095,232.32599945068358,61.53557972006656,1,AAPL
2025-09-17,238.99000549316406,240.10000610351562,237.72999572753906,238.97000122070312,46508000,0.0035272375318422533,235.64300079345702,232.74749984741212,62.41674428538537,0,AAPL
2025-09-18,237.8800048828125,241.1999969482422,236.64999389648438,239.97000122070312,44249600,-0.0046445482440198305,235.4530014038086,233.34100036621095,60.44618569031534,1,AAPL
2025-09-19,245.5,246.3000030517578,240.2100067138672,241.22999572753906,163741300,0.03203293660995743,236.03400115966798,234.37100067138672,67.9311227906629,1,AAPL
2025-09-22,256.0799865722656,256.6400146484375,248.1199951171875,248.3000030517578,105517400,0.04309566831880085,237.85399932861327,235.7870002746582,75.00386403694355,0,AAPL
2025-09-23,254.42999267578125,257.3399963378906,253.5800018310547,255.8800048828125,60275200,-0.006443275472520216,239.86199798583985,237.1504997253418,72.32485908806481,0,AAPL
2025-09-24,252.30999755859375,255.74000549316406,251.0399932861328,255.22000122070312,42303700,-0.008332331793480807,242.41399841308595,238.3004997253418,68.91870573307573,1,AAPL
2025-09-25,256.8699951171875,257.1700134277344,251.7100067138672,253.2100067138672,55202100,0.018072995928489766,245.097998046875,239.61949920654297,71.97589791497904,0,AAPL
2025-09-26,255.4600067138672,257.6000061035156,253.77999877929688,254.10000610351562,46076300,-0.005489112898051984,247.23699798583985,240.76449966430664,69.69319377633697,0,AAPL
2025-09-29,254.42999267578125,255.0,253.00999450683594,254.55999755859375,40127700,-0.004031997224675621,249.00999755859374,241.87899932861328,67.99666041426065,1,AAPL
2025-09-30,254.6300048828125,255.9199981689453,253.11000061035156,254.86000061035156,37704300,0.0007861188255666729,250.65799865722656,243.12449951171874,68.15875188466154,1,AAPL
2025-10-01,255.4499969482422,258.7900085449219,254.92999267578125,255.0399932861328,48713900,0.003220327729275496,252.3039978027344,243.9734992980957,68.85519917224607,1,AAPL
2025-10-02,257.1300048828125,258.17999267578125,254.14999389648438,256.5799865722656,42630200,0.00657666061710982,254.22899780273437,244.84099960327148,70.28904087180356,1,AAPL
2025-10-03,258.0199890136719,259.239990234375,253.9499969482422,254.6699981689453,49155600,0.0034612223931820285,255.48099670410156,245.75749893188475,71.04941717414751,0,AAPL
2025-10-06,256.69000244140625,259.07000732421875,255.0500030517578,257.989990234375,44664100,-0.005154587353288997,255.54199829101563,246.69799880981446,68.23885430251613,0,AAPL
2025-10-07,256.4800109863281,257.3999938964844,255.42999267578125,256.80999755859375,31955800,-0.0008180741481198517,255.74700012207032,247.80449905395508,67.78293059387659,1,AAPL
2025-10-08,258.05999755859375,258.5199890136719,256.1099853515625,256.5199890136719,36496900,0.006160271773966164,256.32200012207034,249.3679992675781,69.43750286721732,0,AAPL
2025-10-09,254.0399932861328,258.0,253.13999938964844,257.80999755859375,38270200,-0.015577789314472068,256.0389999389648,250.56849899291993,60.8716158482431,0,AAPL
